Temperature,Sample, Cadd,Date,Average, Caddmg,CperSoil
-10,0C-9,0,6/27/2019,0.067522724,0,0
-10,0C-18,0,6/27/2019,0.021743049,0,0
-10,0C-20,0,6/27/2019,0.084218536,0,0
-10,0C-17,0,6/27/2019,0.041525405,0,0
-6,0C-8,0,6/27/2019,0.422335321,0,0
-6,0C-10,0,6/27/2019,0.429335714,0,0
-6,0C-11,0,6/27/2019,0.391307302,0,0
-6,0C-19,0,6/27/2019,0.418942814,0,0
-2,0C-4,0,6/27/2019,0.617365429,0,0
-2,0C-3,0,6/27/2019,0.757716918,0,0
-2,0C-2,0,6/27/2019,0.794540457,0,0
-2,0C-1,0,6/27/2019,0.681658368,0,0
2,0C-12,0,6/27/2019,9.264150847,0,0
2,0C-15,0,6/27/2019,11.88359198,0,0
2,0C-16,0,6/27/2019,12.61866937,0,0
2,0C-14,0,6/27/2019,7.046030926,0,0
6,0C-5,0,6/27/2019,30.00308124,0,0
6,0C-6,0,6/27/2019,27.31188938,0,0
6,0C-7,0,6/27/2019,28.11754447,0,0
6,0C-13,0,6/27/2019,31.16770059,0,0
-10,.395C-16,0.4,6/27/2019,0.067123407,10,0.39500711
-10,.395C-13,0.4,6/27/2019,0.048189641,10,0.39500711
-10,.395C-14,0.4,6/27/2019,0.030359337,10,0.39500711
-10,.395C-15,0.4,6/27/2019,0.159927659,10,0.39500711
-6,.395C-10,0.4,6/27/2019,0.895536601,10,0.39500711
-6,.395C-9,0.4,6/27/2019,0.769455017,10,0.39500711
-6,.395C-12,0.4,6/27/2019,0.647792683,10,0.39500711
-6,.395C-11,0.4,6/27/2019,1.041034948,10,0.39500711
-2,.395C-7,0.4,6/27/2019,1.613353008,10,0.39500711
-2,.395C-6,0.4,6/27/2019,1.722759954,10,0.39500711
-2,.395C-8,0.4,6/27/2019,1.515853038,10,0.39500711
-2,.395C-5,0.4,6/27/2019,1.853062933,10,0.39500711
2,.395C-4,0.4,6/27/2019,14.21346501,10,0.39500711
2,.395C-1,0.4,6/27/2019,17.54422993,10,0.39500711
2,.395C-18,0.4,6/27/2019,21.44882343,10,0.39500711
2,.395C-2,0.4,6/27/2019,13.70502401,10,0.39500711
6,.395C-20,0.4,6/27/2019,39.93814771,10,0.39500711
6,.395C-19,0.4,6/27/2019,35.12175925,10,0.39500711
6,.395C-17,0.4,6/27/2019,33.97913792,10,0.39500711
6,.395C-3,0.4,6/27/2019,28.0960214,10,0.39500711
-10,.198C-13,0.2,6/27/2019,0,5,0.197503555
-10,.198C-15,0.2,6/27/2019,0,5,0.197503555
-10,.198C-16,0.2,6/27/2019,0,5,0.197503555
-10,.198C-14,0.2,6/27/2019,0,5,0.197503555
-6,.198C-8,0.2,6/27/2019,0.525712735,5,0.197503555
-6,.198C-7,0.2,6/27/2019,0.766538516,5,0.197503555
-6,.198C-12,0.2,6/27/2019,0.539001445,5,0.197503555
-6,.198C-11,0.2,6/27/2019,0.666560078,5,0.197503555
-2,.198C-5,0.2,6/27/2019,1.063866531,5,0.197503555
-2,.198C-10,0.2,6/27/2019,1.492036042,5,0.197503555
-2,.198C-6,0.2,6/27/2019,1.557811462,5,0.197503555
-2,.198C-9,0.2,6/27/2019,1.663686551,5,0.197503555
2,.198C-2,0.2,6/27/2019,11.61443449,5,0.197503555
2,.198C-1,0.2,6/27/2019,16.78682438,5,0.197503555
2,.198C-3,0.2,6/27/2019,8.215222198,5,0.197503555
2,.198C-4,0.2,6/27/2019,12.90723559,5,0.197503555
6,.198C-17,0.2,6/27/2019,34.75015389,5,0.197503555
6,.198C-18,0.2,6/27/2019,30.34577264,5,0.197503555
6,.198C-20,0.2,6/27/2019,30.72727861,5,0.197503555
6,.198C-19,0.2,6/27/2019,30.83800329,5,0.197503555
-10,1.98C-18,2,6/27/2019,0.226877033,50,1.975035551
-10,1.98C-15,2,6/27/2019,0.316445552,50,1.975035551
-10,1.98C-16,2,6/27/2019,0.446135021,50,1.975035551
-10,1.98C-20,2,6/27/2019,0.270223071,50,1.975035551
-6,1.98C-12,2,6/27/2019,1.177825576,50,1.975035551
-6,1.98C-17,2,6/27/2019,1.248906141,50,1.975035551
-6,1.98C-14,2,6/27/2019,1.280668364,50,1.975035551
-6,1.98C-11,2,6/27/2019,1.1901388,50,1.975035551
-2,1.98C-8,2,6/27/2019,1.981026045,50,1.975035551
-2,1.98C-13,2,6/27/2019,2.23535753,50,1.975035551
-2,1.98C-7,2,6/27/2019,3.265234586,50,1.975035551
-2,1.98C-10,2,6/27/2019,2.656627369,50,1.975035551
2,1.98C-9,2,6/27/2019,46.04484502,50,1.975035551
2,1.98C-6,2,6/27/2019,37.71211873,50,1.975035551
2,1.98C-19,2,6/27/2019,39.64962633,50,1.975035551
2,1.98C-5,2,6/27/2019,41.25632833,50,1.975035551
6,1.98C-1,2,6/27/2019,94.49817047,50,1.975035551
6,1.98C-4,2,6/27/2019,79.97265235,50,1.975035551
6,1.98C-2,2,6/27/2019,80.49302887,50,1.975035551
6,1.98C-3,2,6/27/2019,88.29043758,50,1.975035551
-10,0C-9,0,7/2/2019,0.009719945,0,0
-10,0C-18,0,7/2/2019,0,0,0
-10,0C-20,0,7/2/2019,0,0,0
-10,0C-17,0,7/2/2019,0.000709481,0,0
-6,0C-8,0,7/2/2019,0.272557334,0,0
-6,0C-10,0,7/2/2019,0.157622433,0,0
-6,0C-11,0,7/2/2019,0.12802143,0,0
-6,0C-19,0,7/2/2019,0.015288311,0,0
-2,0C-4,0,7/2/2019,0.460471499,0,0
-2,0C-3,0,7/2/2019,0.440948876,0,0
-2,0C-2,0,7/2/2019,0.377504274,0,0
-2,0C-1,0,7/2/2019,0.593124413,0,0
2,0C-12,0,7/2/2019,20.69540988,0,0
2,0C-15,0,7/2/2019,22.39099428,0,0
2,0C-16,0,7/2/2019,16.93884884,0,0
2,0C-14,0,7/2/2019,9.306100723,0,0
6,0C-5,0,7/2/2019,47.64103556,0,0
6,0C-6,0,7/2/2019,44.18252349,0,0
6,0C-7,0,7/2/2019,32.39827557,0,0
6,0C-13,0,7/2/2019,34.69463425,0,0
-10,.395C-16,0.4,7/2/2019,0.174791278,10,0.39500711
-10,.395C-13,0.4,7/2/2019,0.120298202,10,0.39500711
-10,.395C-14,0.4,7/2/2019,0.359871821,10,0.39500711
-10,.395C-15,0.4,7/2/2019,0.246858754,10,0.39500711
-6,.395C-10,0.4,7/2/2019,0.403332135,10,0.39500711
-6,.395C-9,0.4,7/2/2019,0.703021938,10,0.39500711
-6,.395C-12,0.4,7/2/2019,0.564987439,10,0.39500711
-6,.395C-11,0.4,7/2/2019,0.401040924,10,0.39500711
-2,.395C-7,0.4,7/2/2019,1.301803321,10,0.39500711
-2,.395C-6,0.4,7/2/2019,1.040723157,10,0.39500711
-2,.395C-8,0.4,7/2/2019,1.1686859,10,0.39500711
-2,.395C-5,0.4,7/2/2019,1.27161568,10,0.39500711
2,.395C-4,0.4,7/2/2019,15.91427721,10,0.39500711
2,.395C-1,0.4,7/2/2019,15.73432733,10,0.39500711
2,.395C-2,0.4,7/2/2019,20.01666073,10,0.39500711
2,.395C-18,0.4,7/2/2019,16.52991549,10,0.39500711
6,.395C-20,0.4,7/2/2019,45.87034,10,0.39500711
6,.395C-19,0.4,7/2/2019,47.1451609,10,0.39500711
6,.395C-17,0.4,7/2/2019,40.23110945,10,0.39500711
6,.395C-3,0.4,7/2/2019,48.28382892,10,0.39500711
-10,.198C-13,0.2,7/2/2019,0.168666024,5,0.197503555
-10,.198C-15,0.2,7/2/2019,0.192907616,5,0.197503555
-10,.198C-16,0.2,7/2/2019,0.082491283,5,0.197503555
-10,.198C-14,0.2,7/2/2019,0.130820096,5,0.197503555
-6,.198C-8,0.2,7/2/2019,0.436803276,5,0.197503555
-6,.198C-7,0.2,7/2/2019,0.439533894,5,0.197503555
-6,.198C-12,0.2,7/2/2019,0.376001745,5,0.197503555
-6,.198C-11,0.2,7/2/2019,0.345456372,5,0.197503555
-2,.198C-5,0.2,7/2/2019,0.565344442,5,0.197503555
-2,.198C-10,0.2,7/2/2019,1.117937204,5,0.197503555
-2,.198C-6,0.2,7/2/2019,0.769016905,5,0.197503555
-2,.198C-9,0.2,7/2/2019,0.913192039,5,0.197503555
2,.198C-2,0.2,7/2/2019,10.11658824,5,0.197503555
2,.198C-1,0.2,7/2/2019,16.25536315,5,0.197503555
2,.198C-3,0.2,7/2/2019,14.41589582,5,0.197503555
2,.198C-4,0.2,7/2/2019,25.04534199,5,0.197503555
6,.198C-17,0.2,7/2/2019,49.64127702,5,0.197503555
6,.198C-18,0.2,7/2/2019,56.88433543,5,0.197503555
6,.198C-20,0.2,7/2/2019,50.95904427,5,0.197503555
6,.198C-19,0.2,7/2/2019,48.77167304,5,0.197503555
-10,1.98C-18,2,7/2/2019,0.211186288,50,1.975035551
-10,1.98C-15,2,7/2/2019,0.242242946,50,1.975035551
-10,1.98C-16,2,7/2/2019,0.24136872,50,1.975035551
-10,1.98C-20,2,7/2/2019,0.455383289,50,1.975035551
-6,1.98C-12,2,7/2/2019,0.865692194,50,1.975035551
-6,1.98C-17,2,7/2/2019,0.89821125,50,1.975035551
-6,1.98C-14,2,7/2/2019,0.8856909,50,1.975035551
-6,1.98C-11,2,7/2/2019,0.758719486,50,1.975035551
-2,1.98C-8,2,7/2/2019,2.728459128,50,1.975035551
-2,1.98C-13,2,7/2/2019,3.282934088,50,1.975035551
-2,1.98C-7,2,7/2/2019,3.143231519,50,1.975035551
-2,1.98C-10,2,7/2/2019,3.383474201,50,1.975035551
2,1.98C-9,2,7/2/2019,71.83815084,50,1.975035551
2,1.98C-6,2,7/2/2019,50.52821157,50,1.975035551
2,1.98C-19,2,7/2/2019,45.35961992,50,1.975035551
2,1.98C-5,2,7/2/2019,42.84937093,50,1.975035551
6,1.98C-1,2,7/2/2019,90.88575781,50,1.975035551
6,1.98C-4,2,7/2/2019,76.83123462,50,1.975035551
6,1.98C-2,2,7/2/2019,89.42165707,50,1.975035551
6,1.98C-3,2,7/2/2019,85.18611519,50,1.975035551
-10,0C-9,0,7/8/2019,0.088304846,0,0
-10,0C-18,0,7/8/2019,0.076160045,0,0
-10,0C-20,0,7/8/2019,0.044011403,0,0
-10,0C-17,0,7/8/2019,0.103917719,0,0
-6,0C-8,0,7/8/2019,0.255279149,0,0
-6,0C-10,0,7/8/2019,0.234982881,0,0
-6,0C-11,0,7/8/2019,0.213964087,0,0
-6,0C-19,0,7/8/2019,0.277747521,0,0
-2,0C-4,0,7/8/2019,0.481555742,0,0
-2,0C-3,0,7/8/2019,0.447380114,0,0
-2,0C-2,0,7/8/2019,0.636400082,0,0
-2,0C-1,0,7/8/2019,0.626478983,0,0
2,0C-12,0,7/8/2019,12.80966303,0,0
2,0C-15,0,7/8/2019,17.94683314,0,0
2,0C-16,0,7/8/2019,11.21283561,0,0
2,0C-14,0,7/8/2019,17.02250885,0,0
6,0C-5,0,7/8/2019,17.14042678,0,0
6,0C-6,0,7/8/2019,17.35373359,0,0
6,0C-7,0,7/8/2019,21.55248222,0,0
6,0C-13,0,7/8/2019,24.44647837,0,0
-10,.395C-16,0.4,7/8/2019,0.058692443,10,0.39500711
-10,.395C-13,0.4,7/8/2019,0.02022966,10,0.39500711
-10,.395C-14,0.4,7/8/2019,0.113262842,10,0.39500711
-10,.395C-15,0.4,7/8/2019,0.038082581,10,0.39500711
-6,.395C-10,0.4,7/8/2019,0.292107381,10,0.39500711
-6,.395C-9,0.4,7/8/2019,0.262268413,10,0.39500711
-6,.395C-12,0.4,7/8/2019,0.312850367,10,0.39500711
-6,.395C-11,0.4,7/8/2019,0.342735666,10,0.39500711
-2,.395C-7,0.4,7/8/2019,1.019416602,10,0.39500711
-2,.395C-6,0.4,7/8/2019,0.863448454,10,0.39500711
-2,.395C-8,0.4,7/8/2019,0.676648375,10,0.39500711
-2,.395C-5,0.4,7/8/2019,0.863621283,10,0.39500711
2,.395C-4,0.4,7/8/2019,13.2468199,10,0.39500711
2,.395C-1,0.4,7/8/2019,17.98525029,10,0.39500711
2,.395C-2,0.4,7/8/2019,18.36315404,10,0.39500711
2,.395C-18,0.4,7/8/2019,17.78434221,10,0.39500711
6,.395C-20,0.4,7/8/2019,16.88345342,10,0.39500711
6,.395C-19,0.4,7/8/2019,25.16885645,10,0.39500711
6,.395C-17,0.4,7/8/2019,16.65351919,10,0.39500711
6,.395C-3,0.4,7/8/2019,23.34257741,10,0.39500711
-10,.198C-13,0.2,7/8/2019,0,5,0.197503555
-10,.198C-15,0.2,7/8/2019,0.040700673,5,0.197503555
-10,.198C-16,0.2,7/8/2019,0.075026721,5,0.197503555
-10,.198C-14,0.2,7/8/2019,0.08608207,5,0.197503555
-6,.198C-8,0.2,7/8/2019,0.075026721,5,0.197503555
-6,.198C-7,0.2,7/8/2019,0.08608207,5,0.197503555
-6,.198C-12,0.2,7/8/2019,0.23816861,5,0.197503555
-6,.198C-11,0.2,7/8/2019,0.367660993,5,0.197503555
-2,.198C-5,0.2,7/8/2019,0.196989334,5,0.197503555
-2,.198C-10,0.2,7/8/2019,0.254777243,5,0.197503555
-2,.198C-6,0.2,7/8/2019,0.64115798,5,0.197503555
-2,.198C-9,0.2,7/8/2019,0.605339858,5,0.197503555
2,.198C-2,0.2,7/8/2019,6.028839592,5,0.197503555
2,.198C-1,0.2,7/8/2019,8.556690462,5,0.197503555
2,.198C-3,0.2,7/8/2019,9.155058632,5,0.197503555
2,.198C-4,0.2,7/8/2019,6.350257891,5,0.197503555
6,.198C-17,0.2,7/8/2019,14.51198966,5,0.197503555
6,.198C-18,0.2,7/8/2019,9.182303415,5,0.197503555
6,.198C-20,0.2,7/8/2019,26.42893713,5,0.197503555
6,.198C-19,0.2,7/8/2019,19.72455687,5,0.197503555
-10,1.98C-18,2,7/8/2019,0.250342427,50,1.975035551
-10,1.98C-15,2,7/8/2019,0.235374408,50,1.975035551
-10,1.98C-16,2,7/8/2019,0.10439548,50,1.975035551
-10,1.98C-20,2,7/8/2019,0.297186833,50,1.975035551
-6,1.98C-12,2,7/8/2019,0.770337864,50,1.975035551
-6,1.98C-17,2,7/8/2019,0.864335667,50,1.975035551
-6,1.98C-14,2,7/8/2019,0.963485965,50,1.975035551
-6,1.98C-11,2,7/8/2019,1.008228738,50,1.975035551
-2,1.98C-8,2,7/8/2019,3.579092776,50,1.975035551
-2,1.98C-13,2,7/8/2019,3.86575006,50,1.975035551
-2,1.98C-7,2,7/8/2019,3.699336043,50,1.975035551
-2,1.98C-10,2,7/8/2019,4.188835633,50,1.975035551
2,1.98C-9,2,7/8/2019,39.66510166,50,1.975035551
2,1.98C-6,2,7/8/2019,40.8224508,50,1.975035551
2,1.98C-19,2,7/8/2019,32.41183255,50,1.975035551
2,1.98C-5,2,7/8/2019,39.63117129,50,1.975035551
6,1.98C-1,2,7/8/2019,32.82377669,50,1.975035551
6,1.98C-4,2,7/8/2019,30.97633433,50,1.975035551
6,1.98C-2,2,7/8/2019,36.05671741,50,1.975035551
6,1.98C-3,2,7/8/2019,29.13704406,50,1.975035551
-10,0C-9,0,7/11/2019,0.118149291,0,0
-10,0C-18,0,7/11/2019,0.19749357,0,0
-10,0C-20,0,7/11/2019,0.202787462,0,0
-10,0C-17,0,7/11/2019,0.315015175,0,0
-6,0C-8,0,7/11/2019,0.536089473,0,0
-6,0C-10,0,7/11/2019,0.541459762,0,0
-6,0C-11,0,7/11/2019,0.465314716,0,0
-6,0C-19,0,7/11/2019,0.421768573,0,0
-2,0C-4,0,7/11/2019,0.991430753,0,0
-2,0C-3,0,7/11/2019,1.168008213,0,0
-2,0C-2,0,7/11/2019,1.207311352,0,0
-2,0C-1,0,7/11/2019,1.434252801,0,0
2,0C-12,0,7/11/2019,8.604130898,0,0
2,0C-15,0,7/11/2019,7.76559096,0,0
2,0C-16,0,7/11/2019,9.303821374,0,0
2,0C-14,0,7/11/2019,10.47711474,0,0
6,0C-5,0,7/11/2019,10.80913878,0,0
6,0C-6,0,7/11/2019,9.389430863,0,0
6,0C-7,0,7/11/2019,11.00227201,0,0
6,0C-13,0,7/11/2019,12.12397895,0,0
-10,.395C-16,0.4,7/11/2019,0.488332475,10,0.39500711
-10,.395C-13,0.4,7/11/2019,0.35699828,10,0.39500711
-10,.395C-14,0.4,7/11/2019,0.397165521,10,0.39500711
-10,.395C-15,0.4,7/11/2019,0.591250894,10,0.39500711
-6,.395C-10,0.4,7/11/2019,0.910028713,10,0.39500711
-6,.395C-9,0.4,7/11/2019,1.143256228,10,0.39500711
-6,.395C-12,0.4,7/11/2019,0.943456107,10,0.39500711
-6,.395C-11,0.4,7/11/2019,1.004470807,10,0.39500711
-2,.395C-7,0.4,7/11/2019,2.52952905,10,0.39500711
-2,.395C-6,0.4,7/11/2019,2.726177502,10,0.39500711
-2,.395C-8,0.4,7/11/2019,2.462727008,10,0.39500711
-2,.395C-5,0.4,7/11/2019,2.311550833,10,0.39500711
2,.395C-4,0.4,7/11/2019,9.662480166,10,0.39500711
2,.395C-1,0.4,7/11/2019,9.793519481,10,0.39500711
2,.395C-2,0.4,7/11/2019,7.509601671,10,0.39500711
2,.395C-18,0.4,7/11/2019,12.61349731,10,0.39500711
6,.395C-20,0.4,7/11/2019,18.95750518,10,0.39500711
6,.395C-19,0.4,7/11/2019,17.11947222,10,0.39500711
6,.395C-17,0.4,7/11/2019,11.07184529,10,0.39500711
6,.395C-3,0.4,7/11/2019,12.09642644,10,0.39500711
-10,.198C-13,0.2,7/11/2019,0.354345252,5,0.197503555
-10,.198C-15,0.2,7/11/2019,0.293736874,5,0.197503555
-10,.198C-16,0.2,7/11/2019,0.17779925,5,0.197503555
-10,.198C-14,0.2,7/11/2019,0.342059614,5,0.197503555
-6,.198C-8,0.2,7/11/2019,0.686253365,5,0.197503555
-6,.198C-7,0.2,7/11/2019,0.717217545,5,0.197503555
-6,.198C-12,0.2,7/11/2019,0.768617274,5,0.197503555
-6,.198C-11,0.2,7/11/2019,0.750925483,5,0.197503555
-2,.198C-5,0.2,7/11/2019,1.674860359,5,0.197503555
-2,.198C-10,0.2,7/11/2019,1.911488558,5,0.197503555
-2,.198C-6,0.2,7/11/2019,2.019797604,5,0.197503555
-2,.198C-9,0.2,7/11/2019,1.866736849,5,0.197503555
2,.198C-2,0.2,7/11/2019,6.837869415,5,0.197503555
2,.198C-1,0.2,7/11/2019,10.64258322,5,0.197503555
2,.198C-3,0.2,7/11/2019,8.964811833,5,0.197503555
2,.198C-4,0.2,7/11/2019,13.48722118,5,0.197503555
6,.198C-17,0.2,7/11/2019,16.46966547,5,0.197503555
6,.198C-18,0.2,7/11/2019,12.75857645,5,0.197503555
6,.198C-20,0.2,7/11/2019,16.34344791,5,0.197503555
6,.198C-19,0.2,7/11/2019,9.784790889,5,0.197503555
-10,1.98C-18,2,7/11/2019,0.326300504,50,1.975035551
-10,1.98C-15,2,7/11/2019,0.543941457,50,1.975035551
-10,1.98C-16,2,7/11/2019,0.508688836,50,1.975035551
-10,1.98C-20,2,7/11/2019,0.392194139,50,1.975035551
-6,1.98C-12,2,7/11/2019,1.501843119,50,1.975035551
-6,1.98C-17,2,7/11/2019,1.534405922,50,1.975035551
-6,1.98C-14,2,7/11/2019,1.655032482,50,1.975035551
-6,1.98C-11,2,7/11/2019,1.652145161,50,1.975035551
-2,1.98C-8,2,7/11/2019,5.580664718,50,1.975035551
-2,1.98C-13,2,7/11/2019,7.172638251,50,1.975035551
-2,1.98C-7,2,7/11/2019,6.370642184,50,1.975035551
-2,1.98C-10,2,7/11/2019,6.500237679,50,1.975035551
2,1.98C-9,2,7/11/2019,17.68525643,50,1.975035551
2,1.98C-6,2,7/11/2019,16.80774736,50,1.975035551
2,1.98C-19,2,7/11/2019,17.18311856,50,1.975035551
2,1.98C-5,2,7/11/2019,21.32922861,50,1.975035551
6,1.98C-1,2,7/11/2019,14.2138641,50,1.975035551
6,1.98C-4,2,7/11/2019,11.25484806,50,1.975035551
6,1.98C-2,2,7/11/2019,17.57622749,50,1.975035551
6,1.98C-3,2,7/11/2019,11.49430204,50,1.975035551
-10,0C-9,0,7/15/2019,0.242836622,0,0
-10,0C-18,0,7/15/2019,0.240918187,0,0
-10,0C-20,0,7/15/2019,0.359786767,0,0
-10,0C-17,0,7/15/2019,0.19973828,0,0
-6,0C-8,0,7/15/2019,0.450827607,0,0
-6,0C-10,0,7/15/2019,0.590331081,0,0
-6,0C-11,0,7/15/2019,0.514815158,0,0
-6,0C-19,0,7/15/2019,0.72763789,0,0
-2,0C-4,0,7/15/2019,0.737741803,0,0
-2,0C-3,0,7/15/2019,0.803819257,0,0
-2,0C-2,0,7/15/2019,0.908551053,0,0
-2,0C-1,0,7/15/2019,1.032204784,0,0
2,0C-12,0,7/15/2019,11.8393817,0,0
2,0C-15,0,7/15/2019,15.80148759,0,0
2,0C-16,0,7/15/2019,11.02247661,0,0
2,0C-14,0,7/15/2019,8.018023937,0,0
6,0C-5,0,7/15/2019,21.14215808,0,0
6,0C-6,0,7/15/2019,23.388965,0,0
6,0C-7,0,7/15/2019,20.95941485,0,0
6,0C-13,0,7/15/2019,18.65743314,0,0
-10,.395C-16,0.4,7/15/2019,0.042418591,10,0.39500711
-10,.395C-13,0.4,7/15/2019,0.052907292,10,0.39500711
-10,.395C-14,0.4,7/15/2019,0.138855664,10,0.39500711
-10,.395C-15,0.4,7/15/2019,0.064501944,10,0.39500711
-6,.395C-10,0.4,7/15/2019,0.491913429,10,0.39500711
-6,.395C-9,0.4,7/15/2019,0.370343952,10,0.39500711
-6,.395C-12,0.4,7/15/2019,0.48322023,10,0.39500711
-6,.395C-11,0.4,7/15/2019,0.423831982,10,0.39500711
-2,.395C-7,0.4,7/15/2019,1.846835741,10,0.39500711
-2,.395C-6,0.4,7/15/2019,1.636507345,10,0.39500711
-2,.395C-8,0.4,7/15/2019,1.371450548,10,0.39500711
-2,.395C-5,0.4,7/15/2019,1.687783371,10,0.39500711
2,.395C-4,0.4,7/15/2019,15.82315776,10,0.39500711
2,.395C-1,0.4,7/15/2019,14.16220846,10,0.39500711
2,.395C-2,0.4,7/15/2019,14.41040161,10,0.39500711
2,.395C-18,0.4,7/15/2019,11.82492999,10,0.39500711
6,.395C-20,0.4,7/15/2019,19.18593105,10,0.39500711
6,.395C-19,0.4,7/15/2019,18.05627511,10,0.39500711
6,.395C-17,0.4,7/15/2019,21.68609111,10,0.39500711
6,.395C-3,0.4,7/15/2019,16.47598983,10,0.39500711
-10,.198C-13,0.2,7/15/2019,0.260738228,5,0.197503555
-10,.198C-15,0.2,7/15/2019,0.017481169,5,0.197503555
-10,.198C-16,0.2,7/15/2019,0.176074739,5,0.197503555
-10,.198C-14,0.2,7/15/2019,0.14562713,5,0.197503555
-6,.198C-8,0.2,7/15/2019,0.376772695,5,0.197503555
-6,.198C-7,0.2,7/15/2019,0.444672532,5,0.197503555
-6,.198C-12,0.2,7/15/2019,0.20475877,5,0.197503555
-6,.198C-11,0.2,7/15/2019,0.317880514,5,0.197503555
-2,.198C-5,0.2,7/15/2019,0.809145395,5,0.197503555
-2,.198C-10,0.2,7/15/2019,0.881860853,5,0.197503555
-2,.198C-6,0.2,7/15/2019,1.036811672,5,0.197503555
-2,.198C-9,0.2,7/15/2019,1.119643729,5,0.197503555
2,.198C-2,0.2,7/15/2019,9.061670924,5,0.197503555
2,.198C-1,0.2,7/15/2019,8.635865793,5,0.197503555
2,.198C-3,0.2,7/15/2019,10.81245785,5,0.197503555
2,.198C-4,0.2,7/15/2019,12.30561009,5,0.197503555
6,.198C-17,0.2,7/15/2019,19.09786419,5,0.197503555
6,.198C-18,0.2,7/15/2019,17.90002085,5,0.197503555
6,.198C-20,0.2,7/15/2019,23.38003813,5,0.197503555
6,.198C-19,0.2,7/15/2019,19.25628437,5,0.197503555
-10,1.98C-18,2,7/15/2019,0.330807361,50,1.975035551
-10,1.98C-15,2,7/15/2019,0.45005095,50,1.975035551
-10,1.98C-16,2,7/15/2019,0.341790418,50,1.975035551
-10,1.98C-20,2,7/15/2019,0.55282123,50,1.975035551
-6,1.98C-12,2,7/15/2019,1.366451793,50,1.975035551
-6,1.98C-17,2,7/15/2019,1.422620413,50,1.975035551
-6,1.98C-14,2,7/15/2019,1.320797453,50,1.975035551
-6,1.98C-11,2,7/15/2019,1.503857466,50,1.975035551
-2,1.98C-8,2,7/15/2019,5.546420972,50,1.975035551
-2,1.98C-13,2,7/15/2019,5.844773169,50,1.975035551
-2,1.98C-7,2,7/15/2019,5.584652725,50,1.975035551
-2,1.98C-10,2,7/15/2019,6.308176281,50,1.975035551
2,1.98C-9,2,7/15/2019,18.05437674,50,1.975035551
2,1.98C-6,2,7/15/2019,15.09189512,50,1.975035551
2,1.98C-19,2,7/15/2019,15.45510249,50,1.975035551
2,1.98C-5,2,7/15/2019,18.19973572,50,1.975035551
6,1.98C-1,2,7/15/2019,34.99140195,50,1.975035551
6,1.98C-4,2,7/15/2019,23.8230529,50,1.975035551
6,1.98C-2,2,7/15/2019,22.74038213,50,1.975035551
6,1.98C-3,2,7/15/2019,20.01254817,50,1.975035551
-10,0C-9,0,7/18/2019,0.077190105,0,0
-10,0C-18,0,7/18/2019,0.137115437,0,0
-10,0C-20,0,7/18/2019,0.202904688,0,0
-10,0C-17,0,7/18/2019,0.224470187,0,0
-6,0C-8,0,7/18/2019,0.328944738,0,0
-6,0C-10,0,7/18/2019,0.355933363,0,0
-6,0C-11,0,7/18/2019,0.358832634,0,0
-6,0C-19,0,7/18/2019,0.394386722,0,0
-2,0C-4,0,7/18/2019,0.837515911,0,0
-2,0C-3,0,7/18/2019,0.884167561,0,0
-2,0C-2,0,7/18/2019,0.765227377,0,0
-2,0C-1,0,7/18/2019,1.292822466,0,0
2,0C-12,0,7/18/2019,10.62670005,0,0
2,0C-15,0,7/18/2019,12.26397279,0,0
2,0C-16,0,7/18/2019,9.136229089,0,0
2,0C-14,0,7/18/2019,11.27231995,0,0
6,0C-5,0,7/18/2019,14.21807817,0,0
6,0C-6,0,7/18/2019,19.37994404,0,0
6,0C-7,0,7/18/2019,19.74133767,0,0
6,0C-13,0,7/18/2019,17.92373385,0,0
-10,.395C-16,0.4,7/18/2019,0.412469497,10,0.39500711
-10,.395C-13,0.4,7/18/2019,0.405514076,10,0.39500711
-10,.395C-14,0.4,7/18/2019,0.344576823,10,0.39500711
-10,.395C-15,0.4,7/18/2019,0.20326357,10,0.39500711
-6,.395C-10,0.4,7/18/2019,0.63827907,10,0.39500711
-6,.395C-9,0.4,7/18/2019,0.711985646,10,0.39500711
-6,.395C-12,0.4,7/18/2019,0.69264834,10,0.39500711
-6,.395C-11,0.4,7/18/2019,0.80237593,10,0.39500711
-2,.395C-7,0.4,7/18/2019,1.983985334,10,0.39500711
-2,.395C-6,0.4,7/18/2019,1.914855873,10,0.39500711
-2,.395C-8,0.4,7/18/2019,1.974393877,10,0.39500711
-2,.395C-5,0.4,7/18/2019,2.185453441,10,0.39500711
2,.395C-4,0.4,7/18/2019,12.1031194,10,0.39500711
2,.395C-1,0.4,7/18/2019,10.41595631,10,0.39500711
2,.395C-2,0.4,7/18/2019,12.37267662,10,0.39500711
2,.395C-18,0.4,7/18/2019,6.864051011,10,0.39500711
6,.395C-20,0.4,7/18/2019,14.5160872,10,0.39500711
6,.395C-19,0.4,7/18/2019,14.14744567,10,0.39500711
6,.395C-17,0.4,7/18/2019,20.44867604,10,0.39500711
6,.395C-3,0.4,7/18/2019,22.80357082,10,0.39500711
-10,.198C-13,0.2,7/18/2019,0.217913006,5,0.197503555
-10,.198C-15,0.2,7/18/2019,0.254472707,5,0.197503555
-10,.198C-16,0.2,7/18/2019,0.222488843,5,0.197503555
-10,.198C-14,0.2,7/18/2019,0.300654624,5,0.197503555
-6,.198C-8,0.2,7/18/2019,0.350803558,5,0.197503555
-6,.198C-7,0.2,7/18/2019,0.390306201,5,0.197503555
-6,.198C-12,0.2,7/18/2019,0.450674985,5,0.197503555
-6,.198C-11,0.2,7/18/2019,0.615970749,5,0.197503555
-2,.198C-5,0.2,7/18/2019,1.201198246,5,0.197503555
-2,.198C-10,0.2,7/18/2019,1.471941544,5,0.197503555
-2,.198C-6,0.2,7/18/2019,1.388386631,5,0.197503555
-2,.198C-9,0.2,7/18/2019,1.611776993,5,0.197503555
2,.198C-2,0.2,7/18/2019,6.642386809,5,0.197503555
2,.198C-1,0.2,7/18/2019,8.357039091,5,0.197503555
2,.198C-3,0.2,7/18/2019,7.508745951,5,0.197503555
2,.198C-4,0.2,7/18/2019,11.6701216,5,0.197503555
6,.198C-17,0.2,7/18/2019,21.25314106,5,0.197503555
6,.198C-18,0.2,7/18/2019,15.64369715,5,0.197503555
6,.198C-20,0.2,7/18/2019,17.69958621,5,0.197503555
6,.198C-19,0.2,7/18/2019,10.96332637,5,0.197503555
-10,1.98C-18,2,7/18/2019,0.426052616,50,1.975035551
-10,1.98C-15,2,7/18/2019,0.460558095,50,1.975035551
-10,1.98C-16,2,7/18/2019,0.346599096,50,1.975035551
-10,1.98C-20,2,7/18/2019,0.444727597,50,1.975035551
-6,1.98C-12,2,7/18/2019,1.440324456,50,1.975035551
-6,1.98C-17,2,7/18/2019,1.315349422,50,1.975035551
-6,1.98C-14,2,7/18/2019,1.607600062,50,1.975035551
-6,1.98C-11,2,7/18/2019,1.082784138,50,1.975035551
-2,1.98C-8,2,7/18/2019,5.306791372,50,1.975035551
-2,1.98C-13,2,7/18/2019,5.860844787,50,1.975035551
-2,1.98C-7,2,7/18/2019,4.859473432,50,1.975035551
-2,1.98C-10,2,7/18/2019,5.467318781,50,1.975035551
2,1.98C-9,2,7/18/2019,8.01177366,50,1.975035551
2,1.98C-6,2,7/18/2019,8.871844817,50,1.975035551
2,1.98C-19,2,7/18/2019,15.66865594,50,1.975035551
2,1.98C-5,2,7/18/2019,11.79244095,50,1.975035551
6,1.98C-1,2,7/18/2019,16.06358188,50,1.975035551
6,1.98C-4,2,7/18/2019,21.22947421,50,1.975035551
6,1.98C-2,2,7/18/2019,17.54610395,50,1.975035551
6,1.98C-3,2,7/18/2019,22.66271289,50,1.975035551
-10,0C-9,0,7/22/2019,0.013303882,0,0
-10,0C-18,0,7/22/2019,0.019920285,0,0
-10,0C-20,0,7/22/2019,0,0,0
-10,0C-17,0,7/22/2019,0,0,0
-6,0C-8,0,7/22/2019,0.063483855,0,0
-6,0C-10,0,7/22/2019,0.040816969,0,0
-6,0C-11,0,7/22/2019,0.071435543,0,0
-6,0C-19,0,7/22/2019,0.202539027,0,0
-2,0C-4,0,7/22/2019,0.158737588,0,0
-2,0C-3,0,7/22/2019,0.580700326,0,0
-2,0C-2,0,7/22/2019,0.521080944,0,0
-2,0C-1,0,7/22/2019,0.974040239,0,0
2,0C-12,0,7/22/2019,7.089340526,0,0
2,0C-15,0,7/22/2019,8.524626725,0,0
2,0C-16,0,7/22/2019,8.867727977,0,0
2,0C-14,0,7/22/2019,12.13004932,0,0
6,0C-5,0,7/22/2019,15.64563394,0,0
6,0C-6,0,7/22/2019,11.75805231,0,0
6,0C-7,0,7/22/2019,11.32712531,0,0
6,0C-13,0,7/22/2019,24.33945308,0,0
-10,.395C-16,0.4,7/22/2019,0.168140313,10,0.39500711
-10,.395C-13,0.4,7/22/2019,0.024965111,10,0.39500711
-10,.395C-14,0.4,7/22/2019,0.028454276,10,0.39500711
-10,.395C-15,0.4,7/22/2019,0.115746515,10,0.39500711
-6,.395C-10,0.4,7/22/2019,0.256228008,10,0.39500711
-6,.395C-9,0.4,7/22/2019,0.44971342,10,0.39500711
-6,.395C-12,0.4,7/22/2019,0.520967509,10,0.39500711
-6,.395C-11,0.4,7/22/2019,0.531599498,10,0.39500711
-2,.395C-7,0.4,7/22/2019,1.907495475,10,0.39500711
-2,.395C-6,0.4,7/22/2019,1.47895941,10,0.39500711
-2,.395C-8,0.4,7/22/2019,1.57437405,10,0.39500711
-2,.395C-5,0.4,7/22/2019,1.024703873,10,0.39500711
2,.395C-4,0.4,7/22/2019,4.729440897,10,0.39500711
2,.395C-1,0.4,7/22/2019,8.835263911,10,0.39500711
2,.395C-2,0.4,7/22/2019,10.56406043,10,0.39500711
2,.395C-18,0.4,7/22/2019,6.336571824,10,0.39500711
6,.395C-20,0.4,7/22/2019,14.70588893,10,0.39500711
6,.395C-19,0.4,7/22/2019,17.99619499,10,0.39500711
6,.395C-17,0.4,7/22/2019,11.48344061,10,0.39500711
6,.395C-3,0.4,7/22/2019,11.61110111,10,0.39500711
-10,.198C-13,0.2,7/22/2019,0,5,0.197503555
-10,.198C-15,0.2,7/22/2019,0.047539496,5,0.197503555
-10,.198C-16,0.2,7/22/2019,0.038685066,5,0.197503555
-10,.198C-14,0.2,7/22/2019,0.056783184,5,0.197503555
-6,.198C-8,0.2,7/22/2019,0.189286298,5,0.197503555
-6,.198C-7,0.2,7/22/2019,0.143513479,5,0.197503555
-6,.198C-12,0.2,7/22/2019,0.216068267,5,0.197503555
-6,.198C-11,0.2,7/22/2019,0.256540857,5,0.197503555
-2,.198C-5,0.2,7/22/2019,0.710424606,5,0.197503555
-2,.198C-10,0.2,7/22/2019,0.767716717,5,0.197503555
-2,.198C-6,0.2,7/22/2019,0.87652261,5,0.197503555
-2,.198C-9,0.2,7/22/2019,0.926939119,5,0.197503555
2,.198C-2,0.2,7/22/2019,8.506292149,5,0.197503555
2,.198C-1,0.2,7/22/2019,1.654300039,5,0.197503555
2,.198C-3,0.2,7/22/2019,5.364779179,5,0.197503555
2,.198C-4,0.2,7/22/2019,1.799002357,5,0.197503555
6,.198C-17,0.2,7/22/2019,17.79237569,5,0.197503555
6,.198C-18,0.2,7/22/2019,12.95352243,5,0.197503555
6,.198C-20,0.2,7/22/2019,14.85594144,5,0.197503555
6,.198C-19,0.2,7/22/2019,15.67838987,5,0.197503555
-10,1.98C-18,2,7/22/2019,0.219930011,50,1.975035551
-10,1.98C-15,2,7/22/2019,0.161530215,50,1.975035551
-10,1.98C-16,2,7/22/2019,0.450193395,50,1.975035551
-10,1.98C-20,2,7/22/2019,0.555258391,50,1.975035551
-6,1.98C-12,2,7/22/2019,0.712604733,50,1.975035551
-6,1.98C-17,2,7/22/2019,1.076022286,50,1.975035551
-6,1.98C-14,2,7/22/2019,1.203655886,50,1.975035551
-6,1.98C-11,2,7/22/2019,1.573923931,50,1.975035551
-2,1.98C-8,2,7/22/2019,5.708764554,50,1.975035551
-2,1.98C-13,2,7/22/2019,5.808007812,50,1.975035551
-2,1.98C-7,2,7/22/2019,5.577296411,50,1.975035551
-2,1.98C-10,2,7/22/2019,5.935861575,50,1.975035551
2,1.98C-9,2,7/22/2019,10.0254911,50,1.975035551
2,1.98C-6,2,7/22/2019,8.672465187,50,1.975035551
2,1.98C-19,2,7/22/2019,13.27684776,50,1.975035551
2,1.98C-5,2,7/22/2019,12.55311886,50,1.975035551
6,1.98C-1,2,7/22/2019,13.40415229,50,1.975035551
6,1.98C-4,2,7/22/2019,14.92610041,50,1.975035551
6,1.98C-2,2,7/22/2019,13.39153797,50,1.975035551
6,1.98C-3,2,7/22/2019,15.21619604,50,1.975035551
-10,0C-9,0,7/25/2019,0.099443986,0,0
-10,0C-18,0,7/25/2019,0.026329473,0,0
-10,0C-20,0,7/25/2019,0.087764911,0,0
-10,0C-17,0,7/25/2019,0.052658947,0,0
-6,0C-8,0,7/25/2019,0.280847715,0,0
-6,0C-10,0,7/25/2019,0.251650729,0,0
-6,0C-11,0,7/25/2019,0.254605231,0,0
-6,0C-19,0,7/25/2019,0.359836135,0,0
-2,0C-4,0,7/25/2019,0.655571639,0,0
-2,0C-3,0,7/25/2019,0.807809443,0,0
-2,0C-2,0,7/25/2019,0.807866131,0,0
-2,0C-1,0,7/25/2019,1.089037686,0,0
2,0C-12,0,7/25/2019,7.575898757,0,0
2,0C-15,0,7/25/2019,4.730408941,0,0
2,0C-16,0,7/25/2019,3.519791879,0,0
2,0C-14,0,7/25/2019,2.2218224,0,0
6,0C-5,0,7/25/2019,7.990411776,0,0
6,0C-6,0,7/25/2019,6.996321766,0,0
6,0C-7,0,7/25/2019,8.872527951,0,0
6,0C-13,0,7/25/2019,9.996855239,0,0
-10,.395C-16,0.4,7/25/2019,0.996324325,10,0.39500711
-10,.395C-13,0.4,7/25/2019,0.091666984,10,0.39500711
-10,.395C-14,0.4,7/25/2019,0.19811501,10,0.39500711
-10,.395C-15,0.4,7/25/2019,0.189230291,10,0.39500711
-6,.395C-10,0.4,7/25/2019,0.437586662,10,0.39500711
-6,.395C-9,0.4,7/25/2019,0.677268767,10,0.39500711
-6,.395C-12,0.4,7/25/2019,0.721634071,10,0.39500711
-6,.395C-11,0.4,7/25/2019,0.695104582,10,0.39500711
-2,.395C-7,0.4,7/25/2019,2.709428924,10,0.39500711
-2,.395C-6,0.4,7/25/2019,2.1149933,10,0.39500711
-2,.395C-8,0.4,7/25/2019,2.155110562,10,0.39500711
-2,.395C-5,0.4,7/25/2019,2.459534616,10,0.39500711
2,.395C-4,0.4,7/25/2019,8.445287087,10,0.39500711
2,.395C-1,0.4,7/25/2019,3.7646555,10,0.39500711
2,.395C-2,0.4,7/25/2019,5.321898995,10,0.39500711
2,.395C-18,0.4,7/25/2019,7.230523837,10,0.39500711
6,.395C-20,0.4,7/25/2019,5.749008668,10,0.39500711
6,.395C-19,0.4,7/25/2019,10.7282549,10,0.39500711
6,.395C-17,0.4,7/25/2019,7.48551963,10,0.39500711
6,.395C-3,0.4,7/25/2019,10.63740819,10,0.39500711
-10,.198C-13,0.2,7/25/2019,0.064985939,5,0.197503555
-10,.198C-15,0.2,7/25/2019,0.047267241,5,0.197503555
-10,.198C-16,0.2,7/25/2019,0.064968566,5,0.197503555
-10,.198C-14,0.2,7/25/2019,0.001476899,5,0.197503555
-6,.198C-8,0.2,7/25/2019,0.640974138,5,0.197503555
-6,.198C-7,0.2,7/25/2019,0.528812058,5,0.197503555
-6,.198C-12,0.2,7/25/2019,0.632258594,5,0.197503555
-6,.198C-11,0.2,7/25/2019,0.579211608,5,0.197503555
-2,.198C-5,0.2,7/25/2019,0.862763559,5,0.197503555
-2,.198C-10,0.2,7/25/2019,1.439480795,5,0.197503555
-2,.198C-6,0.2,7/25/2019,1.557356403,5,0.197503555
-2,.198C-9,0.2,7/25/2019,1.537124751,5,0.197503555
2,.198C-2,0.2,7/25/2019,4.567852682,5,0.197503555
2,.198C-1,0.2,7/25/2019,5.081837184,5,0.197503555
2,.198C-3,0.2,7/25/2019,4.267844962,5,0.197503555
2,.198C-4,0.2,7/25/2019,6.924856364,5,0.197503555
6,.198C-17,0.2,7/25/2019,2.492910889,5,0.197503555
6,.198C-18,0.2,7/25/2019,7.277934427,5,0.197503555
6,.198C-20,0.2,7/25/2019,9.313914813,5,0.197503555
6,.198C-19,0.2,7/25/2019,6.461394944,5,0.197503555
-10,1.98C-18,2,7/25/2019,0,50,1.975035551
-10,1.98C-15,2,7/25/2019,0.300102485,50,1.975035551
-10,1.98C-16,2,7/25/2019,0.216304484,50,1.975035551
-10,1.98C-20,2,7/25/2019,0.388997456,50,1.975035551
-6,1.98C-12,2,7/25/2019,1.210228143,50,1.975035551
-6,1.98C-17,2,7/25/2019,1.44830352,50,1.975035551
-6,1.98C-14,2,7/25/2019,1.500265244,50,1.975035551
-6,1.98C-11,2,7/25/2019,1.933829986,50,1.975035551
-2,1.98C-8,2,7/25/2019,7.565440224,50,1.975035551
-2,1.98C-13,2,7/25/2019,7.934439984,50,1.975035551
-2,1.98C-7,2,7/25/2019,8.886851185,50,1.975035551
-2,1.98C-10,2,7/25/2019,8.973795078,50,1.975035551
2,1.98C-9,2,7/25/2019,6.491114399,50,1.975035551
2,1.98C-6,2,7/25/2019,7.999732181,50,1.975035551
2,1.98C-19,2,7/25/2019,6.723946101,50,1.975035551
2,1.98C-5,2,7/25/2019,7.759963264,50,1.975035551
6,1.98C-1,2,7/25/2019,9.412266277,50,1.975035551
6,1.98C-4,2,7/25/2019,9.309992748,50,1.975035551
6,1.98C-2,2,7/25/2019,9.183260468,50,1.975035551
6,1.98C-3,2,7/25/2019,9.20729572,50,1.975035551
-10,0C-9,0,7/29/2019,0.076253716,0,0
-10,0C-18,0,7/29/2019,0.054556177,0,0
-10,0C-20,0,7/29/2019,0.059949647,0,0
-10,0C-17,0,7/29/2019,0.163364195,0,0
-6,0C-8,0,7/29/2019,0.269580201,0,0
-6,0C-10,0,7/29/2019,0.290841453,0,0
-6,0C-11,0,7/29/2019,0.32610666,0,0
-6,0C-19,0,7/29/2019,0.197640106,0,0
-2,0C-4,0,7/29/2019,0.439468969,0,0
-2,0C-3,0,7/29/2019,0.756984458,0,0
-2,0C-2,0,7/29/2019,0.752522333,0,0
-2,0C-1,0,7/29/2019,0.882819311,0,0
2,0C-12,0,7/29/2019,8.236946093,0,0
2,0C-15,0,7/29/2019,6.44959884,0,0
2,0C-16,0,7/29/2019,9.839073246,0,0
2,0C-14,0,7/29/2019,8.832267113,0,0
6,0C-5,0,7/29/2019,13.54995134,0,0
6,0C-6,0,7/29/2019,11.39352187,0,0
6,0C-7,0,7/29/2019,10.70517024,0,0
6,0C-13,0,7/29/2019,12.09316564,0,0
-10,.395C-16,0.4,7/29/2019,0.10957199,10,0.39500711
-10,.395C-13,0.4,7/29/2019,0.093918849,10,0.39500711
-10,.395C-14,0.4,7/29/2019,0.086092278,10,0.39500711
-10,.395C-15,0.4,7/29/2019,0.052177138,10,0.39500711
-6,.395C-10,0.4,7/29/2019,0.375609614,10,0.39500711
-6,.395C-9,0.4,7/29/2019,0.618231479,10,0.39500711
-6,.395C-12,0.4,7/29/2019,0.52433707,10,0.39500711
-6,.395C-11,0.4,7/29/2019,0.579118954,10,0.39500711
-2,.395C-7,0.4,7/29/2019,1.831259264,10,0.39500711
-2,.395C-6,0.4,7/29/2019,1.600278148,10,0.39500711
-2,.395C-8,0.4,7/29/2019,1.772937237,10,0.39500711
-2,.395C-5,0.4,7/29/2019,1.830776297,10,0.39500711
2,.395C-4,0.4,7/29/2019,6.276890416,10,0.39500711
2,.395C-1,0.4,7/29/2019,9.25760948,10,0.39500711
2,.395C-2,0.4,7/29/2019,9.601934926,10,0.39500711
2,.395C-18,0.4,7/29/2019,8.024162151,10,0.39500711
6,.395C-20,0.4,7/29/2019,11.0319348,10,0.39500711
6,.395C-19,0.4,7/29/2019,12.66575825,10,0.39500711
6,.395C-17,0.4,7/29/2019,13.08832373,10,0.39500711
6,.395C-3,0.4,7/29/2019,11.19050519,10,0.39500711
-10,.198C-13,0.2,7/29/2019,0.054772977,5,0.197503555
-10,.198C-15,0.2,7/29/2019,0,5,0.197503555
-10,.198C-16,0.2,7/29/2019,0.027388201,5,0.197503555
-10,.198C-14,0.2,7/29/2019,0,5,0.197503555
-6,.198C-8,0.2,7/29/2019,0.367720025,5,0.197503555
-6,.198C-7,0.2,7/29/2019,0.440848395,5,0.197503555
-6,.198C-12,0.2,7/29/2019,0.27909881,5,0.197503555
-6,.198C-11,0.2,7/29/2019,0.344308813,5,0.197503555
-2,.198C-5,0.2,7/29/2019,0.790345229,5,0.197503555
-2,.198C-10,0.2,7/29/2019,1.009380969,5,0.197503555
-2,.198C-6,0.2,7/29/2019,1.205080844,5,0.197503555
-2,.198C-9,0.2,7/29/2019,1.166159038,5,0.197503555
2,.198C-2,0.2,7/29/2019,8.675662214,5,0.197503555
2,.198C-1,0.2,7/29/2019,3.600366214,5,0.197503555
2,.198C-3,0.2,7/29/2019,6.378777773,5,0.197503555
2,.198C-4,0.2,7/29/2019,7.121366204,5,0.197503555
6,.198C-17,0.2,7/29/2019,14.00281668,5,0.197503555
6,.198C-18,0.2,7/29/2019,7.248372598,5,0.197503555
6,.198C-20,0.2,7/29/2019,9.083303929,5,0.197503555
6,.198C-19,0.2,7/29/2019,11.83930602,5,0.197503555
-10,1.98C-18,2,7/29/2019,0.225456527,50,1.975035551
-10,1.98C-15,2,7/29/2019,0.066777762,50,1.975035551
-10,1.98C-16,2,7/29/2019,0.494721907,50,1.975035551
-10,1.98C-20,2,7/29/2019,0.340286162,50,1.975035551
-6,1.98C-12,2,7/29/2019,1.426722625,50,1.975035551
-6,1.98C-17,2,7/29/2019,1.360196434,50,1.975035551
-6,1.98C-14,2,7/29/2019,1.28478001,50,1.975035551
-6,1.98C-11,2,7/29/2019,1.509199283,50,1.975035551
-2,1.98C-8,2,7/29/2019,5.479403719,50,1.975035551
-2,1.98C-13,2,7/29/2019,5.131942092,50,1.975035551
-2,1.98C-7,2,7/29/2019,6.77424934,50,1.975035551
-2,1.98C-10,2,7/29/2019,5.850564315,50,1.975035551
2,1.98C-9,2,7/29/2019,7.67104269,50,1.975035551
2,1.98C-6,2,7/29/2019,12.37393925,50,1.975035551
2,1.98C-19,2,7/29/2019,7.582701102,50,1.975035551
2,1.98C-5,2,7/29/2019,7.959076285,50,1.975035551
6,1.98C-1,2,7/29/2019,11.75348796,50,1.975035551
6,1.98C-4,2,7/29/2019,11.61810038,50,1.975035551
6,1.98C-2,2,7/29/2019,13.99246746,50,1.975035551
6,1.98C-3,2,7/29/2019,13.89177958,50,1.975035551
-10,0C-9,0,8/1/2019,0.00503427,0,0
-10,0C-18,0,8/1/2019,0.108096915,0,0
-10,0C-20,0,8/1/2019,0.079445515,0,0
-10,0C-17,0,8/1/2019,0.162321283,0,0
-6,0C-8,0,8/1/2019,0.247043575,0,0
-6,0C-10,0,8/1/2019,0.328292705,0,0
-6,0C-11,0,8/1/2019,0.450038772,0,0
-6,0C-19,0,8/1/2019,0.430848499,0,0
-2,0C-4,0,8/1/2019,0.281190804,0,0
-2,0C-3,0,8/1/2019,0.447399507,0,0
-2,0C-2,0,8/1/2019,0.752776811,0,0
-2,0C-1,0,8/1/2019,0.98925748,0,0
2,0C-12,0,8/1/2019,5.422819109,0,0
2,0C-15,0,8/1/2019,4.096031879,0,0
2,0C-16,0,8/1/2019,7.021643451,0,0
2,0C-14,0,8/1/2019,6.539301101,0,0
6,0C-5,0,8/1/2019,10.39590704,0,0
6,0C-6,0,8/1/2019,5.990467157,0,0
6,0C-7,0,8/1/2019,7.300687705,0,0
6,0C-13,0,8/1/2019,12.77104872,0,0
-10,.395C-16,0.4,8/1/2019,0.277859942,10,0.39500711
-10,.395C-13,0.4,8/1/2019,0.268862375,10,0.39500711
-10,.395C-14,0.4,8/1/2019,0.209450714,10,0.39500711
-10,.395C-15,0.4,8/1/2019,0.407817596,10,0.39500711
-6,.395C-10,0.4,8/1/2019,0.929918239,10,0.39500711
-6,.395C-9,0.4,8/1/2019,0.904175458,10,0.39500711
-6,.395C-12,0.4,8/1/2019,1.097350249,10,0.39500711
-6,.395C-11,0.4,8/1/2019,0.926367122,10,0.39500711
-2,.395C-7,0.4,8/1/2019,2.882874666,10,0.39500711
-2,.395C-6,0.4,8/1/2019,2.038108387,10,0.39500711
-2,.395C-8,0.4,8/1/2019,2.082875073,10,0.39500711
-2,.395C-5,0.4,8/1/2019,2.562074496,10,0.39500711
2,.395C-4,0.4,8/1/2019,2.771060042,10,0.39500711
2,.395C-1,0.4,8/1/2019,4.796552036,10,0.39500711
2,.395C-2,0.4,8/1/2019,3.893830862,10,0.39500711
2,.395C-18,0.4,8/1/2019,6.496238838,10,0.39500711
6,.395C-20,0.4,8/1/2019,12.28829174,10,0.39500711
6,.395C-19,0.4,8/1/2019,8.911059891,10,0.39500711
6,.395C-17,0.4,8/1/2019,7.842724776,10,0.39500711
6,.395C-3,0.4,8/1/2019,8.200124093,10,0.39500711
-10,.198C-13,0.2,8/1/2019,0.405596547,5,0.197503555
-10,.198C-15,0.2,8/1/2019,0.398028325,5,0.197503555
-10,.198C-16,0.2,8/1/2019,0.160458033,5,0.197503555
-10,.198C-14,0.2,8/1/2019,0.263701893,5,0.197503555
-6,.198C-8,0.2,8/1/2019,0.643857718,5,0.197503555
-6,.198C-7,0.2,8/1/2019,0.429860717,5,0.197503555
-6,.198C-12,0.2,8/1/2019,0.84784595,5,0.197503555
-6,.198C-11,0.2,8/1/2019,0.597984196,5,0.197503555
-2,.198C-5,0.2,8/1/2019,1.514978026,5,0.197503555
-2,.198C-10,0.2,8/1/2019,1.676190689,5,0.197503555
-2,.198C-6,0.2,8/1/2019,1.821675287,5,0.197503555
-2,.198C-9,0.2,8/1/2019,1.518314283,5,0.197503555
2,.198C-2,0.2,8/1/2019,1.899172305,5,0.197503555
2,.198C-1,0.2,8/1/2019,6.357953441,5,0.197503555
2,.198C-3,0.2,8/1/2019,2.913845324,5,0.197503555
2,.198C-4,0.2,8/1/2019,1.463204771,5,0.197503555
6,.198C-17,0.2,8/1/2019,5.311716939,5,0.197503555
6,.198C-18,0.2,8/1/2019,5.303718644,5,0.197503555
6,.198C-20,0.2,8/1/2019,6.535371767,5,0.197503555
6,.198C-19,0.2,8/1/2019,8.277742605,5,0.197503555
-10,1.98C-18,2,8/1/2019,0.305569793,50,1.975035551
-10,1.98C-15,2,8/1/2019,0.31687421,50,1.975035551
-10,1.98C-16,2,8/1/2019,0.655106626,50,1.975035551
-10,1.98C-20,2,8/1/2019,0.61880731,50,1.975035551
-6,1.98C-12,2,8/1/2019,2.087890568,50,1.975035551
-6,1.98C-17,2,8/1/2019,2.000672418,50,1.975035551
-6,1.98C-14,2,8/1/2019,1.974751006,50,1.975035551
-6,1.98C-11,2,8/1/2019,2.106622542,50,1.975035551
-2,1.98C-8,2,8/1/2019,6.97366876,50,1.975035551
-2,1.98C-13,2,8/1/2019,7.045913959,50,1.975035551
-2,1.98C-7,2,8/1/2019,8.315507193,50,1.975035551
-2,1.98C-10,2,8/1/2019,8.050796176,50,1.975035551
2,1.98C-9,2,8/1/2019,6.304219374,50,1.975035551
2,1.98C-6,2,8/1/2019,7.84581189,50,1.975035551
2,1.98C-19,2,8/1/2019,5.380957929,50,1.975035551
2,1.98C-5,2,8/1/2019,6.305320867,50,1.975035551
6,1.98C-1,2,8/1/2019,12.37430872,50,1.975035551
6,1.98C-4,2,8/1/2019,11.63570573,50,1.975035551
6,1.98C-2,2,8/1/2019,9.304802516,50,1.975035551
6,1.98C-3,2,8/1/2019,9.68311541,50,1.975035551
-10,0C-9,0,8/20/2019,0.097936203,0,0
-10,0C-18,0,8/20/2019,0.083353203,0,0
-10,0C-20,0,8/20/2019,0.079547536,0,0
-10,0C-17,0,8/20/2019,0.119134916,0,0
-6,0C-8,0,8/20/2019,0.25662084,0,0
-6,0C-10,0,8/20/2019,0.237723406,0,0
-6,0C-11,0,8/20/2019,0.254005415,0,0
-6,0C-19,0,8/20/2019,0.221268342,0,0
-2,0C-4,0,8/20/2019,0.699209728,0,0
-2,0C-3,0,8/20/2019,0.767236878,0,0
-2,0C-2,0,8/20/2019,0.695217362,0,0
-2,0C-1,0,8/20/2019,0.769610725,0,0
2,0C-12,0,8/13/2019,8.466897958,0,0
2,0C-15,0,8/13/2019,7.112170432,0,0
2,0C-16,0,8/13/2019,7.868724677,0,0
2,0C-14,0,8/13/2019,7.409254454,0,0
6,0C-5,0,8/13/2019,21.14362603,0,0
6,0C-6,0,8/13/2019,15.00083714,0,0
6,0C-7,0,8/13/2019,18.09580875,0,0
6,0C-13,0,8/13/2019,13.81370573,0,0
-10,.395C-16,0.4,8/20/2019,0.196791665,10,0.39500711
-10,.395C-13,0.4,8/20/2019,0.175738792,10,0.39500711
-10,.395C-14,0.4,8/20/2019,0.152832097,10,0.39500711
-10,.395C-15,0.4,8/20/2019,0.174851262,10,0.39500711
-6,.395C-10,0.4,8/20/2019,0.403538978,10,0.39500711
-6,.395C-9,0.4,8/20/2019,0.415828231,10,0.39500711
-6,.395C-12,0.4,8/20/2019,0.402428218,10,0.39500711
-6,.395C-11,0.4,8/20/2019,0.486983224,10,0.39500711
-2,.395C-7,0.4,8/20/2019,1.173612986,10,0.39500711
-2,.395C-6,0.4,8/20/2019,0.6876748,10,0.39500711
-2,.395C-8,0.4,8/20/2019,1.481850203,10,0.39500711
-2,.395C-5,0.4,8/20/2019,1.43652226,10,0.39500711
2,.395C-4,0.4,8/13/2019,6.607146261,10,0.39500711
2,.395C-1,0.4,8/13/2019,5.198098384,10,0.39500711
2,.395C-2,0.4,8/13/2019,5.277828199,10,0.39500711
2,.395C-18,0.4,8/13/2019,6.384429204,10,0.39500711
6,.395C-20,0.4,8/13/2019,14.94720302,10,0.39500711
6,.395C-19,0.4,8/13/2019,19.18838859,10,0.39500711
6,.395C-17,0.4,8/13/2019,14.20970821,10,0.39500711
6,.395C-3,0.4,8/13/2019,15.47075624,10,0.39500711
-10,.198C-13,0.2,8/20/2019,0.09981942,5,0.197503555
-10,.198C-15,0.2,8/20/2019,0.062535807,5,0.197503555
-10,.198C-16,0.2,8/20/2019,0.145198303,5,0.197503555
-10,.198C-14,0.2,8/20/2019,0.093442599,5,0.197503555
-6,.198C-8,0.2,8/20/2019,0.355724199,5,0.197503555
-6,.198C-7,0.2,8/20/2019,0.274568003,5,0.197503555
-6,.198C-12,0.2,8/20/2019,0.262146277,5,0.197503555
-6,.198C-11,0.2,8/20/2019,0.279921334,5,0.197503555
-2,.198C-5,0.2,8/20/2019,0.893159609,5,0.197503555
-2,.198C-10,0.2,8/20/2019,0.988467624,5,0.197503555
-2,.198C-6,0.2,8/20/2019,0.856667874,5,0.197503555
-2,.198C-9,0.2,8/20/2019,0.80983597,5,0.197503555
2,.198C-2,0.2,8/13/2019,2.057437015,5,0.197503555
2,.198C-1,0.2,8/13/2019,0.478994359,5,0.197503555
2,.198C-3,0.2,8/13/2019,3.721982083,5,0.197503555
2,.198C-4,0.2,8/13/2019,3.42212163,5,0.197503555
6,.198C-17,0.2,8/13/2019,12.36409124,5,0.197503555
6,.198C-18,0.2,8/13/2019,11.2936721,5,0.197503555
6,.198C-20,0.2,8/13/2019,15.84030677,5,0.197503555
6,.198C-19,0.2,8/13/2019,15.34703237,5,0.197503555
-10,1.98C-18,2,8/20/2019,0.244838493,50,1.975035551
-10,1.98C-15,2,8/20/2019,0.236964271,50,1.975035551
-10,1.98C-16,2,8/20/2019,0.292830171,50,1.975035551
-10,1.98C-20,2,8/20/2019,0.305395599,50,1.975035551
-6,1.98C-12,2,8/20/2019,0.943467557,50,1.975035551
-6,1.98C-17,2,8/20/2019,0.890631963,50,1.975035551
-6,1.98C-14,2,8/20/2019,0.870071958,50,1.975035551
-6,1.98C-11,2,8/20/2019,2.076283941,50,1.975035551
-2,1.98C-8,2,8/20/2019,3.298462887,50,1.975035551
-2,1.98C-13,2,8/20/2019,3.73273706,50,1.975035551
-2,1.98C-7,2,8/20/2019,3.529959166,50,1.975035551
-2,1.98C-10,2,8/20/2019,3.304254961,50,1.975035551
2,1.98C-9,2,8/13/2019,8.718009092,50,1.975035551
2,1.98C-6,2,8/13/2019,4.691780985,50,1.975035551
2,1.98C-19,2,8/13/2019,6.168521268,50,1.975035551
2,1.98C-5,2,8/13/2019,5.668222119,50,1.975035551
6,1.98C-1,2,8/13/2019,17.38421711,50,1.975035551
6,1.98C-4,2,8/13/2019,13.75886645,50,1.975035551
6,1.98C-2,2,8/13/2019,19.17097489,50,1.975035551
6,1.98C-3,2,8/13/2019,18.83039768,50,1.975035551
-10,0C-9,0,9/3/2019,0.48781636,0,0
-10,0C-18,0,9/3/2019,0.481085833,0,0
-10,0C-20,0,9/3/2019,0.503906356,0,0
-10,0C-17,0,9/3/2019,0.51685893,0,0
-6,0C-8,0,9/3/2019,0.585946384,0,0
-6,0C-10,0,9/3/2019,0.614826194,0,0
-6,0C-11,0,9/3/2019,0.573701233,0,0
-6,0C-19,0,9/3/2019,0.678791039,0,0
-2,0C-4,0,9/3/2019,1.107246044,0,0
-2,0C-3,0,9/3/2019,1.214557269,0,0
-2,0C-2,0,9/3/2019,1.140596092,0,0
-2,0C-1,0,9/3/2019,1.268109539,0,0
2,0C-12,0,8/27/2019,2.218257404,0,0
2,0C-15,0,8/27/2019,2.907975854,0,0
2,0C-16,0,8/27/2019,5.330479287,0,0
2,0C-14,0,8/27/2019,4.424689231,0,0
6,0C-5,0,8/27/2019,15.07187395,0,0
6,0C-6,0,8/27/2019,12.77529069,0,0
6,0C-7,0,8/27/2019,10.93434568,0,0
6,0C-13,0,8/27/2019,11.42235207,0,0
-10,.395C-16,0.4,9/3/2019,0.064384323,10,0.39500711
-10,.395C-13,0.4,9/3/2019,0.081866193,10,0.39500711
-10,.395C-14,0.4,9/3/2019,0.067354112,10,0.39500711
-10,.395C-15,0.4,9/3/2019,0.145903798,10,0.39500711
-6,.395C-10,0.4,9/3/2019,0.228656199,10,0.39500711
-6,.395C-9,0.4,9/3/2019,0.184412195,10,0.39500711
-6,.395C-12,0.4,9/3/2019,0.193907789,10,0.39500711
-6,.395C-11,0.4,9/3/2019,0.529091112,10,0.39500711
-2,.395C-7,0.4,9/3/2019,0.856017443,10,0.39500711
-2,.395C-6,0.4,9/3/2019,0.440429058,10,0.39500711
-2,.395C-8,0.4,9/3/2019,0.993899301,10,0.39500711
-2,.395C-5,0.4,9/3/2019,0.950903214,10,0.39500711
2,.395C-4,0.4,8/27/2019,1.762216211,10,0.39500711
2,.395C-1,0.4,8/27/2019,2.303369805,10,0.39500711
2,.395C-2,0.4,8/27/2019,2.615213114,10,0.39500711
2,.395C-18,0.4,8/27/2019,5.004448281,10,0.39500711
6,.395C-20,0.4,8/27/2019,7.403075904,10,0.39500711
6,.395C-19,0.4,8/27/2019,11.85403689,10,0.39500711
6,.395C-17,0.4,8/27/2019,11.04948486,10,0.39500711
6,.395C-3,0.4,8/27/2019,10.26145185,10,0.39500711
-10,.198C-13,0.2,9/3/2019,0.055885445,5,0.197503555
-10,.198C-15,0.2,9/3/2019,0.017807779,5,0.197503555
-10,.198C-16,0.2,9/3/2019,0.004405273,5,0.197503555
-10,.198C-14,0.2,9/3/2019,0.009464173,5,0.197503555
-6,.198C-8,0.2,9/3/2019,0.101474564,5,0.197503555
-6,.198C-7,0.2,9/3/2019,0.148215703,5,0.197503555
-6,.198C-12,0.2,9/3/2019,0.094374264,5,0.197503555
-6,.198C-11,0.2,9/3/2019,0.175233095,5,0.197503555
-2,.198C-5,0.2,9/3/2019,0.801462197,5,0.197503555
-2,.198C-10,0.2,9/3/2019,0.533595329,5,0.197503555
-2,.198C-6,0.2,9/3/2019,0.610773737,5,0.197503555
-2,.198C-9,0.2,9/3/2019,0.641831385,5,0.197503555
2,.198C-2,0.2,8/27/2019,0.058062158,5,0.197503555
2,.198C-1,0.2,8/27/2019,0,5,0.197503555
2,.198C-3,0.2,8/27/2019,1.048825984,5,0.197503555
2,.198C-4,0.2,8/27/2019,1.535463385,5,0.197503555
6,.198C-17,0.2,8/27/2019,7.423871575,5,0.197503555
6,.198C-18,0.2,8/27/2019,2.7945574,5,0.197503555
6,.198C-20,0.2,8/27/2019,11.39439572,5,0.197503555
6,.198C-19,0.2,8/27/2019,7.782339846,5,0.197503555
-10,1.98C-18,2,9/3/2019,0.20322669,50,1.975035551
-10,1.98C-15,2,9/3/2019,0.189545541,50,1.975035551
-10,1.98C-16,2,9/3/2019,0.357087586,50,1.975035551
-10,1.98C-20,2,9/3/2019,0.360928616,50,1.975035551
-6,1.98C-12,2,9/3/2019,0.884337562,50,1.975035551
-6,1.98C-17,2,9/3/2019,0.820008966,50,1.975035551
-6,1.98C-14,2,9/3/2019,0.706566497,50,1.975035551
-6,1.98C-11,2,9/3/2019,0.796262113,50,1.975035551
-2,1.98C-8,2,9/3/2019,3.483951632,50,1.975035551
-2,1.98C-13,2,9/3/2019,3.791507567,50,1.975035551
-2,1.98C-7,2,9/3/2019,3.636894646,50,1.975035551
-2,1.98C-10,2,9/3/2019,3.481189107,50,1.975035551
2,1.98C-9,2,8/27/2019,3.308609088,50,1.975035551
2,1.98C-6,2,8/27/2019,3.705903053,50,1.975035551
2,1.98C-19,2,8/27/2019,4.429311454,50,1.975035551
2,1.98C-5,2,8/27/2019,4.653059367,50,1.975035551
6,1.98C-1,2,8/27/2019,10.90217093,50,1.975035551
6,1.98C-4,2,8/27/2019,12.9071437,50,1.975035551
6,1.98C-2,2,8/27/2019,11.32887029,50,1.975035551
6,1.98C-3,2,8/27/2019,12.65666552,50,1.975035551
-10,0C-9,0,9/17/2019,0.091663939,0,0
-10,0C-18,0,9/17/2019,0.067289126,0,0
-10,0C-20,0,9/17/2019,0.163892599,0,0
-10,0C-17,0,9/17/2019,0.140811795,0,0
-6,0C-8,0,9/17/2019,0.215263351,0,0
-6,0C-10,0,9/17/2019,0.23207342,0,0
-6,0C-11,0,9/17/2019,0.222888314,0,0
-6,0C-19,0,9/17/2019,0.232572315,0,0
-2,0C-4,0,9/17/2019,0.591016374,0,0
-2,0C-3,0,9/17/2019,0.538840418,0,0
-2,0C-2,0,9/17/2019,0.583986567,0,0
-2,0C-1,0,9/17/2019,0.615180038,0,0
2,0C-12,0,9/10/2019,4.500383449,0,0
2,0C-15,0,9/10/2019,6.664298063,0,0
2,0C-16,0,9/10/2019,3.923062142,0,0
2,0C-14,0,9/10/2019,4.778036144,0,0
6,0C-5,0,9/10/2019,16.1629682,0,0
6,0C-6,0,9/10/2019,14.79062115,0,0
6,0C-7,0,9/10/2019,12.27498788,0,0
6,0C-13,0,9/10/2019,10.7511967,0,0
-10,.395C-16,0.4,9/17/2019,0.153071569,10,0.39500711
-10,.395C-13,0.4,9/17/2019,0.120939116,10,0.39500711
-10,.395C-14,0.4,9/17/2019,0.147684872,10,0.39500711
-10,.395C-15,0.4,9/17/2019,0.280968884,10,0.39500711
-6,.395C-10,0.4,9/17/2019,0.309028375,10,0.39500711
-6,.395C-9,0.4,9/17/2019,0.287258623,10,0.39500711
-6,.395C-12,0.4,9/17/2019,0.348223099,10,0.39500711
-6,.395C-11,0.4,9/17/2019,0.454627494,10,0.39500711
-2,.395C-7,0.4,9/17/2019,0.72456923,10,0.39500711
-2,.395C-6,0.4,9/17/2019,0.601055132,10,0.39500711
-2,.395C-8,0.4,9/17/2019,0.934359546,10,0.39500711
-2,.395C-5,0.4,9/17/2019,0.947198011,10,0.39500711
2,.395C-4,0.4,9/10/2019,4.410070899,10,0.39500711
2,.395C-1,0.4,9/10/2019,4.216971315,10,0.39500711
2,.395C-2,0.4,9/10/2019,4.2174216,10,0.39500711
2,.395C-18,0.4,9/10/2019,4.952985345,10,0.39500711
6,.395C-20,0.4,9/10/2019,13.36944169,10,0.39500711
6,.395C-19,0.4,9/10/2019,12.2690439,10,0.39500711
6,.395C-17,0.4,9/10/2019,14.31971022,10,0.39500711
6,.395C-3,0.4,9/10/2019,14.03123919,10,0.39500711
-10,.198C-13,0.2,9/17/2019,0.067103003,5,0.197503555
-10,.198C-15,0.2,9/17/2019,0.100079889,5,0.197503555
-10,.198C-16,0.2,9/17/2019,0.132569405,5,0.197503555
-10,.198C-14,0.2,9/17/2019,0.104521677,5,0.197503555
-6,.198C-8,0.2,9/17/2019,0.262957407,5,0.197503555
-6,.198C-7,0.2,9/17/2019,0.218523762,5,0.197503555
-6,.198C-12,0.2,9/17/2019,0.211658459,5,0.197503555
-6,.198C-11,0.2,9/17/2019,0.293131005,5,0.197503555
-2,.198C-5,0.2,9/17/2019,0.477920188,5,0.197503555
-2,.198C-10,0.2,9/17/2019,0.46995265,5,0.197503555
-2,.198C-6,0.2,9/17/2019,0.498731076,5,0.197503555
-2,.198C-9,0.2,9/17/2019,0.542837307,5,0.197503555
2,.198C-2,0.2,9/10/2019,2.267287666,5,0.197503555
2,.198C-1,0.2,9/10/2019,2.573943573,5,0.197503555
2,.198C-3,0.2,9/10/2019,2.342520662,5,0.197503555
2,.198C-4,0.2,9/10/2019,1.862609792,5,0.197503555
6,.198C-17,0.2,9/10/2019,12.88062435,5,0.197503555
6,.198C-18,0.2,9/10/2019,10.53222141,5,0.197503555
6,.198C-20,0.2,9/10/2019,12.82740935,5,0.197503555
6,.198C-19,0.2,9/10/2019,13.14439902,5,0.197503555
-10,1.98C-18,2,9/17/2019,0.235105531,50,1.975035551
-10,1.98C-15,2,9/17/2019,0.429515994,50,1.975035551
-10,1.98C-16,2,9/17/2019,0.253908357,50,1.975035551
-10,1.98C-20,2,9/17/2019,0.412935099,50,1.975035551
-6,1.98C-12,2,9/17/2019,0.439505036,50,1.975035551
-6,1.98C-17,2,9/17/2019,0.936482636,50,1.975035551
-6,1.98C-14,2,9/17/2019,0.840256853,50,1.975035551
-6,1.98C-11,2,9/17/2019,0.820727593,50,1.975035551
-2,1.98C-8,2,9/17/2019,2.974608753,50,1.975035551
-2,1.98C-13,2,9/17/2019,3.215131995,50,1.975035551
-2,1.98C-7,2,9/17/2019,4.198307532,50,1.975035551
-2,1.98C-10,2,9/17/2019,1.546357656,50,1.975035551
2,1.98C-9,2,9/10/2019,4.136899871,50,1.975035551
2,1.98C-6,2,9/10/2019,3.477496606,50,1.975035551
2,1.98C-19,2,9/10/2019,3.568161309,50,1.975035551
2,1.98C-5,2,9/10/2019,5.652876876,50,1.975035551
6,1.98C-1,2,9/10/2019,12.82545831,50,1.975035551
6,1.98C-4,2,9/10/2019,13.89510405,50,1.975035551
6,1.98C-2,2,9/10/2019,12.48147453,50,1.975035551
6,1.98C-3,2,9/10/2019,15.15219207,50,1.975035551
-10,0C-9,0,,,0,
-10,0C-18,0,,,0,
-10,0C-20,0,,,0,
-10,0C-17,0,,,0,
-6,0C-8,0,,,0,
-6,0C-10,0,,,0,
-6,0C-11,0,,,0,
-6,0C-19,0,,,0,
-2,0C-4,0,,,0,
-2,0C-3,0,,,0,
-2,0C-2,0,,,0,
-2,0C-1,0,,,0,
2,0C-12,0,9/27/2019,5.908375629,0,
2,0C-15,0,9/27/2019,3.755661932,0,
2,0C-16,0,9/27/2019,7.049065854,0,
2,0C-14,0,9/27/2019,6.902102489,0,
6,0C-5,0,9/27/2019,12.84056154,0,
6,0C-6,0,9/27/2019,13.55561572,0,
6,0C-7,0,9/27/2019,13.52404456,0,
6,0C-13,0,9/27/2019,9.318746314,0,
-10,.395C-16,0.4,,,10,
-10,.395C-13,0.4,,,10,
-10,.395C-14,0.4,,,10,
-10,.395C-15,0.4,,,10,
-6,.395C-10,0.4,,,10,
-6,.395C-9,0.4,,,10,
-6,.395C-12,0.4,,,10,
-6,.395C-11,0.4,,,10,
-2,.395C-7,0.4,,,10,
-2,.395C-6,0.4,,,10,
-2,.395C-8,0.4,,,10,
-2,.395C-5,0.4,,,10,
2,.395C-4,0.4,9/27/2019,4.536159551,10,
2,.395C-1,0.4,9/27/2019,4.704017732,10,
2,.395C-2,0.4,9/27/2019,4.300818318,10,
2,.395C-18,0.4,9/27/2019,4.987561563,10,
6,.395C-20,0.4,9/27/2019,13.47139005,10,
6,.395C-19,0.4,9/27/2019,12.78639722,10,
6,.395C-17,0.4,9/27/2019,10.36947822,10,
6,.395C-3,0.4,9/27/2019,11.97381809,10,
-10,.198C-13,0.2,,,5,
-10,.198C-15,0.2,,,5,
-10,.198C-16,0.2,,,5,
-10,.198C-14,0.2,,,5,
-6,.198C-8,0.2,,,5,
-6,.198C-7,0.2,,,5,
-6,.198C-12,0.2,,,5,
-6,.198C-11,0.2,,,5,
-2,.198C-5,0.2,,,5,
-2,.198C-10,0.2,,,5,
-2,.198C-6,0.2,,,5,
-2,.198C-9,0.2,,,5,
2,.198C-2,0.2,9/27/2019,2.766000641,5,
2,.198C-1,0.2,9/27/2019,2.350627651,5,
2,.198C-3,0.2,9/27/2019,3.640622555,5,
2,.198C-4,0.2,9/27/2019,3.300540032,5,
6,.198C-17,0.2,9/27/2019,10.59195571,5,
6,.198C-18,0.2,9/27/2019,9.627355725,5,
6,.198C-20,0.2,9/27/2019,11.26928263,5,
6,.198C-19,0.2,9/27/2019,11.63005379,5,
-10,1.98C-18,2,,,50,
-10,1.98C-15,2,,,50,
-10,1.98C-16,2,,,50,
-10,1.98C-20,2,,,50,
-6,1.98C-12,2,,,50,
-6,1.98C-17,2,,,50,
-6,1.98C-14,2,,,50,
-6,1.98C-11,2,,,50,
-2,1.98C-8,2,,,50,
-2,1.98C-13,2,,,50,
-2,1.98C-7,2,,,50,
-2,1.98C-10,2,,,50,
2,1.98C-9,2,9/27/2019,6.189419549,50,
2,1.98C-6,2,9/27/2019,5.213611936,50,
2,1.98C-19,2,9/27/2019,6.196490395,50,
2,1.98C-5,2,9/27/2019,4.751620884,50,
6,1.98C-1,2,9/27/2019,6.488371939,50,
6,1.98C-4,2,9/27/2019,11.98219782,50,
6,1.98C-2,2,9/27/2019,14.4654649,50,
6,1.98C-3,2,9/27/2019,11.69423514,50,
