ID,Date,Res,Add,Temp,Res 2,,,,,Dry mass,,,
A10-1,6/2/2021,78.66056121,Cellobiose,10,15.22969935,,,,,,,,
A10-1,6/11/2021,100.3139236,Cellobiose,10,20.03266327,,,,,,,,
A10-1,6/18/2021,102.8751278,Cellobiose,10,20.60076771,,,,,,,,
A10-1,6/25/2021,135.1868396,Cellobiose,10,25.03736791,,,,,,,,
A10-1,7/2/2021,114.2604268,Cellobiose,10,23.12615752,,,,,,,,
A10-1,7/8/2021,79.5462602,Cellobiose,10,15.42615753,,,,,,,,
A10-1,7/17/2021,27.23499096,Cellobiose,10,3.822918512,,,,,,,,
A10-1,7/23/2021,34.23118259,Cellobiose,10,5.374753993,,,,,,,,
A10-2,6/2/2021,156.9890902,Cellobiose,10,32.60386475,,,,,,,,
A10-2,6/11/2021,117.1306489,Cellobiose,10,23.76280567,,,,,,,,
A10-2,6/18/2021,82.00223176,Cellobiose,10,15.97092017,,,,,,,,
A10-2,6/25/2021,146.3843423,Cellobiose,10,27.27686846,,,,,,,,
A10-2,7/2/2021,121.3279173,Cellobiose,10,24.69380791,,,,,4.508333333,,,
A10-2,7/8/2021,86.61375071,Cellobiose,10,16.99380792,,,,,,,,
A10-2,7/17/2021,25.86385062,Cellobiose,10,3.518783871,,,,,,,,
A10-2,7/23/2021,40.39731098,Cellobiose,10,6.742471937,,,,,,,,
A10-3,6/2/2021,142.8378593,Cellobiose,10,29.46495954,,,,,,,,
A10-3,6/11/2021,120.8558062,Cellobiose,10,24.58908826,,,,,,,,
A10-3,6/18/2021,80.14386155,Cellobiose,10,15.55871236,,,,,,,,
A10-3,6/25/2021,128.1710078,Cellobiose,10,23.63420156,,,,,,,,
A10-3,7/2/2021,109.8322678,Cellobiose,10,22.1439411,,,,,,,,
A10-3,7/8/2021,75.11810112,Cellobiose,10,14.4439411,,,,,,,,
A10-3,7/17/2021,27.77959184,Cellobiose,10,3.943717228,,,,,,,,
A10-3,7/23/2021,48.5399301,Cellobiose,10,8.548598175,,,,,,,,
A10-4,6/2/2021,170.961562,Cellobiose,10,35.70311911,,,,,,,,
A10-4,6/11/2021,114.6237093,Cellobiose,10,23.20673775,,,,,,,,
A10-4,6/18/2021,80.39034759,Cellobiose,10,15.61338579,,,,,,,,
A10-4,6/25/2021,134.8474174,Cellobiose,10,24.96948348,,,,,,,,
A10-4,7/2/2021,114.046195,Cellobiose,10,23.07863844,,,,,,,,
A10-4,7/8/2021,79.33202831,Cellobiose,10,15.37863844,,,,,,,,
A10-4,7/17/2021,34.03336809,Cellobiose,10,5.330876472,,,,,,,,
A10-4,7/23/2021,35.30780651,Cellobiose,10,5.613561518,,,,,,,,
A2-1,6/2/2021,113.5060365,Cellobiose,2,25.17693971,,,,,,,,
A2-1,6/11/2021,13.9691623,Cellobiose,2,3.098520288,,,,,,,,
A2-1,6/18/2021,25.30562099,Cellobiose,2,5.613076744,,,,,,,,
A2-1,6/25/2021,103.3831858,Cellobiose,2,20.67663715,,,,,,,,
A2-1,7/2/2021,88.25800582,Cellobiose,2,19.57663715,,,,,,,,
A2-1,7/8/2021,11.53682563,Cellobiose,2,2.55900014,,,,,,,,
A2-1,7/17/2021,3.834777747,Cellobiose,2,0.850597652,,,,,,,,
A2-1,7/23/2021,24.41097285,Cellobiose,2,5.414633534,,,,,,,,
A2-1,7/30/2021,5.773714856,Cellobiose,2,1.280676123,,,,,,,,
A2-2,6/2/2021,96.73223548,Cellobiose,2,21.45631841,,,,,,,,
A2-2,6/11/2021,41.4752458,Cellobiose,2,9.199684835,,,,,,,,
A2-2,6/18/2021,27.45113541,Cellobiose,2,6.088976431,,,,,,,,
A2-2,6/25/2021,97.2036565,Cellobiose,2,19.4407313,,,,,,,,
A2-2,7/2/2021,82.68613028,Cellobiose,2,18.3407313,,,,,,,,
A2-2,7/8/2021,13.20764236,Cellobiose,2,2.929606438,,,,,,,,
A2-2,7/17/2021,6.534954407,Cellobiose,2,1.44952778,,,,,,,,
A2-2,7/23/2021,19.17600149,Cellobiose,2,4.253456892,,,,,,,,
A2-2,7/30/2021,8.532939623,Cellobiose,2,1.892703798,,,,,,,,
A2-3,6/2/2021,94.93160616,Cellobiose,2,21.05691819,,,,,,,,
A2-3,6/11/2021,21.30947765,Cellobiose,2,4.726686355,,,,,,,,
A2-3,6/18/2021,32.39942081,Cellobiose,2,7.186562842,,,,,,,,
A2-3,6/25/2021,105.4804997,Cellobiose,2,21.09609993,,,,,,,,
A2-3,7/2/2021,90.14908385,Cellobiose,2,19.99609993,,,,,,,,
A2-3,7/8/2021,12.49837643,Cellobiose,2,2.772283126,,,,,,,,
A2-3,7/17/2021,4.490230415,Cellobiose,2,0.995984565,,,,,,,,
A2-3,7/23/2021,22.67826435,Cellobiose,2,5.030298932,,,,,,,,
A2-3,7/30/2021,7.25289725,Cellobiose,2,1.60877573,,,,,,,,
A2-4,6/2/2021,90.64253826,Cellobiose,2,20.10555377,,,,,,,,
A2-4,6/11/2021,49.15695965,Cellobiose,2,10.903577,,,,,,,,
A2-4,6/18/2021,45.64499286,Cellobiose,2,10.12458252,,,,,,,,
A2-4,6/25/2021,100.7584212,Cellobiose,2,20.15168424,,,,,,,,
A2-4,7/2/2021,85.89134312,Cellobiose,2,19.05168424,,,,,,,,
A2-4,7/8/2021,12.92977072,Cellobiose,2,2.867971324,,,,,,,,
A2-4,7/17/2021,4.845238095,Cellobiose,2,1.074729337,,,,,,,,
A2-4,7/23/2021,18.00739983,Cellobiose,2,3.994247652,,,,,,,,
A2-4,7/30/2021,7.145219199,Cellobiose,2,1.584891504,,,,,,,,
A6-1,6/2/2021,167.6382296,Cellobiose,6,37.1840805,,,,,,,,
A6-1,6/11/2021,64.37578824,Cellobiose,6,14.27928759,,,,,,,,
A6-1,6/18/2021,82.62280138,Cellobiose,6,18.32668423,,,,,,,,
A6-1,6/25/2021,57.6931362,Cellobiose,6,11.53862724,,,,,,,,
A6-1,7/2/2021,60.56590401,Cellobiose,6,13.43421161,,,,,,,,
A6-1,7/8/2021,47.97898203,Cellobiose,6,10.64228807,,,,,,,,
A6-1,7/17/2021,10.93388812,Cellobiose,6,2.42526169,,,,,,,,
A6-1,7/23/2021,19.74618522,Cellobiose,6,4.379930178,,,,,,,,
A6-1,7/26/2021,9.171798579,Cellobiose,6,2.034410036,,,,,,,,
A6-2,6/2/2021,140.1437736,Cellobiose,6,31.08549506,,,,,,,,
A6-2,6/11/2021,65.31194186,Cellobiose,6,14.4869372,,,,,,,,
A6-2,6/18/2021,80.8266047,Cellobiose,6,17.92826722,,,,,,,,
A6-2,6/25/2021,80.25520805,Cellobiose,6,16.05104161,,,,,,,,
A6-2,7/2/2021,69.42412535,Cellobiose,6,15.39906662,,,,,,,,
A6-2,7/8/2021,57.94448105,Cellobiose,6,12.85274996,,,,,,,,
A6-2,7/17/2021,8.042136389,Cellobiose,6,1.783838016,,,,,,,,
A6-2,7/23/2021,25.10686177,Cellobiose,6,5.568989673,,,,,,,,
A6-2,7/26/2021,7.467316262,Cellobiose,6,1.656336324,,,,,,,,
A6-3,6/2/2021,192.2623958,Cellobiose,6,42.64600276,,,,,,,,
A6-3,6/11/2021,66.35752938,Cellobiose,6,14.71886049,,,,,,,,
A6-3,6/18/2021,85.81444553,Cellobiose,6,19.03462747,,,,,,,,
A6-3,6/25/2021,76.04417515,Cellobiose,6,15.20883503,,,,,,,,
A6-3,7/2/2021,66.99407869,Cellobiose,6,14.86005442,,,,,,,,
A6-3,7/8/2021,55.21067851,Cellobiose,6,12.24636122,,,,,,,,
A6-3,7/17/2021,13.47938762,Cellobiose,6,2.989882652,,,,,,,,
A6-3,7/23/2021,21.19141291,Cellobiose,6,4.700498242,,,,,,,,
A6-3,7/26/2021,8.246123854,Cellobiose,6,1.829084773,,,,,,,,
A6-4,6/2/2021,194.7772694,Cellobiose,6,43.20383055,,,,,,,,
A6-4,6/11/2021,82.76574129,Cellobiose,6,18.35838994,,,,,,,,
A6-4,6/18/2021,87.43857904,Cellobiose,6,19.3948789,,,,,,,,
A6-4,6/25/2021,74.3292614,Cellobiose,6,14.86585228,,,,,,,,
A6-4,7/2/2021,66.00445914,Cellobiose,6,14.64054547,,,,,,,,
A6-4,7/8/2021,54.09735652,Cellobiose,6,11.99941365,,,,,,,,
A6-4,7/17/2021,10.95167933,Cellobiose,6,2.429207984,,,,,,,,
A6-4,7/23/2021,19.15158013,Cellobiose,6,4.248039955,,,,,,,,
A6-4,7/26/2021,9.672645217,Cellobiose,6,2.14550356,,,,,,,,
AN2-1,6/2/2021,3.112911494,Cellobiose,-2,0.690479444,,,,,,,,
AN2-1,6/11/2021,9.296583693,Cellobiose,-2,2.062088804,,,,,,,,
AN2-1,6/18/2021,8.18520701,Cellobiose,-2,1.815572719,,,,,,,,
AN2-1,6/25/2021,17.07978167,Cellobiose,-2,3.788491314,,,,,,,,
AN2-1,7/2/2021,12.57144834,Cellobiose,-2,2.788491314,,,,,,,,
AN2-1,7/8/2021,9.243894167,Cellobiose,-2,2.050401664,,,,,,,,
AN2-1,7/17/2021,12.5296468,Cellobiose,-2,2.779219254,,,,,,,,
AN2-1,7/23/2021,10.39940084,Cellobiose,-2,2.306706286,,,,,,,,
AN2-1,7/30/2021,7.415006917,Cellobiose,-2,1.644733512,,,,,,,,
AN2-1,8/6/2021,6.322696779,Cellobiose,-2,1.402446605,,,,,,,,
AN2-2,6/2/2021,1.809698837,Cellobiose,-2,0.401411942,,,,,,,,
AN2-2,6/11/2021,6.774725023,Cellobiose,-2,1.50271165,,,,,,,,
AN2-2,6/18/2021,7.616955232,Cellobiose,-2,1.689527963,,,,,,,,
AN2-2,6/25/2021,9.953078233,Cellobiose,-2,2.207706817,,,,,,,,
AN2-2,7/2/2021,9.953078233,Cellobiose,-2,2.207706817,,,,,,,,
AN2-2,7/8/2021,8.212881159,Cellobiose,-2,1.821711163,,,,,,,,
AN2-2,7/17/2021,12.14018922,Cellobiose,-2,2.6928331,,,,,,,,
AN2-2,7/23/2021,11.16570992,Cellobiose,-2,2.476682422,,,,,,,,
AN2-2,7/30/2021,13.56560228,Cellobiose,-2,3.00900605,,,,,,,,
AN2-2,8/6/2021,9.311816651,Cellobiose,-2,2.065467649,,,,,,,,
AN2-3,6/2/2021,5.45019309,Cellobiose,-2,1.208915288,,,,,,,,
AN2-3,6/11/2021,6.683713326,Cellobiose,-2,1.482524213,,,,,,,,
AN2-3,6/18/2021,7.471582765,Cellobiose,-2,1.657282684,,,,,,,,
AN2-3,6/25/2021,7.701647431,Cellobiose,-2,1.708313663,,,,,,,,
AN2-3,7/2/2021,7.701647431,Cellobiose,-2,1.708313663,,,,,,,,
AN2-3,7/8/2021,6.80837551,Cellobiose,-2,1.510175714,,,,,,,,
AN2-3,7/17/2021,8.861254031,Cellobiose,-2,1.965527697,,,,,,,,
AN2-3,7/23/2021,20.22389559,Cellobiose,-2,4.485891814,,,,,,,,
AN2-3,7/30/2021,8.688972665,Cellobiose,-2,1.927313715,,,,,,,,
AN2-3,8/6/2021,8.079924191,Cellobiose,-2,1.792219784,,,,,,,,
AN2-4,6/2/2021,1.116016056,Cellobiose,-2,0.247545151,,,,,,,,
AN2-4,6/11/2021,1.960303817,Cellobiose,-2,0.434817852,,,,,,,,
AN2-4,6/18/2021,1.007784786,Cellobiose,-2,0.223538215,,,,,,,,
AN2-4,6/25/2021,4.282384493,Cellobiose,-2,0.949881958,,,,,,,,
AN2-4,7/2/2021,8.790717827,Cellobiose,-2,1.949881958,,,,,,,,
AN2-4,7/8/2021,2.271922281,Cellobiose,-2,0.503938399,,,,,,,,
AN2-4,7/17/2021,2.454592631,Cellobiose,-2,0.544456776,,,,,,,,
AN2-4,7/23/2021,0.948217526,Cellobiose,-2,0.210325514,,,,,,,,
AN2-4,7/30/2021,1.19245325,Cellobiose,-2,0.264499797,,,,,,,,
AN2-4,8/6/2021,2.59605937,Cellobiose,-2,0.57583572,,,,,,,,
AN6-1,6/2/2021,1.529468511,Cellobiose,-6,0.339253644,,,,,,,,
AN6-1,6/11/2021,1.243587232,Cellobiose,-6,0.3758419,,,,,,,,
AN6-1,6/18/2021,2.715363258,Cellobiose,-6,0.602298689,,,,,,,,
AN6-1,6/25/2021,2.567649817,Cellobiose,-6,0.769534155,,,,,,,,
AN6-1,7/2/2021,3.469316482,Cellobiose,-6,0.769534155,,,,,,,,
AN6-1,7/8/2021,1.548714804,Cellobiose,-6,0.343522692,,,,,,,,
AN6-1,7/17/2021,2.400302003,Cellobiose,-6,0.532414492,,,,,,,,
AN6-1,7/23/2021,2.191062399,Cellobiose,-6,0.48600275,,,,,,,,
AN6-1,7/30/2021,2.854889682,Cellobiose,-6,0.633247249,,,,,,,,
AN6-1,8/6/2021,2.194453554,Cellobiose,-6,0.486754947,,,,,,,,
AN6-1,8/13/2021,2.411306405,Cellobiose,-6,0.534855395,,,,,,,,
AN6-2,6/2/2021,1.754939907,Cellobiose,-6,0.389265783,,,,,,,,
AN6-2,6/11/2021,1.531876541,Cellobiose,-6,0.339787773,,,,,,,,
AN6-2,6/18/2021,2.183174693,Cellobiose,-6,0.684253167,,,,,,,,
AN6-2,6/25/2021,2.252099902,Cellobiose,-6,0.699541568,,,,,,,,
AN6-2,7/2/2021,3.153766569,Cellobiose,-6,0.699541568,,,,,,,,
AN6-2,7/8/2021,1.270551531,Cellobiose,-6,0.28182289,,,,,,,,
AN6-2,7/17/2021,1.802529014,Cellobiose,-6,0.399821593,,,,,,,,
AN6-2,7/23/2021,3.207490087,Cellobiose,-6,0.71145806,,,,,,,,
AN6-2,7/30/2021,2.122568684,Cellobiose,-6,0.470810059,,,,,,,,
AN6-2,8/6/2021,2.62768458,Cellobiose,-6,0.582850554,,,,,,,,
AN6-2,8/13/2021,2.715093038,Cellobiose,-6,0.602238752,,,,,,,,
AN6-3,6/2/2021,1.179861927,Cellobiose,-6,0.261706897,,,,,,,,
AN6-3,6/11/2021,1.115674442,Cellobiose,-6,0.347469377,,,,,,,,
AN6-3,6/18/2021,2.967146363,Cellobiose,-6,0.658147068,,,,,,,,
AN6-3,6/25/2021,2.648490718,Cellobiose,-6,0.687465594,,,,,,,,
AN6-3,7/2/2021,3.099324053,Cellobiose,-6,0.687465594,,,,,,,,
AN6-3,7/8/2021,1.989662233,Cellobiose,-6,0.441329885,,,,,,,,
AN6-3,7/17/2021,3.089513814,Cellobiose,-6,0.685289571,,,,,,,,
AN6-3,7/23/2021,2.457396659,Cellobiose,-6,0.545078741,,,,,,,,
AN6-3,7/30/2021,2.069531891,Cellobiose,-6,0.459045891,,,,,,,,
AN6-3,8/6/2021,2.458221628,Cellobiose,-6,0.545261729,,,,,,,,
AN6-3,8/13/2021,2.678028645,Cellobiose,-6,0.594017444,,,,,,,,
AN6-4,6/2/2021,2.461596497,Cellobiose,-6,0.546010314,,,,,,,,
AN6-4,6/11/2021,1.721542975,Cellobiose,-6,0.381857961,,,,,,,,
AN6-4,6/18/2021,1.917546528,Cellobiose,-6,0.625333796,,,,,,,,
AN6-4,6/25/2021,2.620522274,Cellobiose,-6,0.681261872,,,,,,,,
AN6-4,7/2/2021,3.071355606,Cellobiose,-6,0.681261872,,,,,,,,
AN6-4,7/8/2021,2.169154572,Cellobiose,-6,0.481143343,,,,,,,,
AN6-4,7/17/2021,4.069722593,Cellobiose,-6,0.902711111,,,,,,,,
AN6-4,7/23/2021,3.260813344,Cellobiose,-6,0.72328577,,,,,,,,
AN6-4,7/30/2021,3.711547934,Cellobiose,-6,0.823263867,,,,,,,,
AN6-4,8/6/2021,2.421901715,Cellobiose,-6,0.537205556,,,,,,,,
AN6-4,8/13/2021,2.63914638,Cellobiose,-6,0.585392912,,,,,,,,
B2-1,6/2/2021,75.44335213,Cellotetraose,2,16.7342001,,,,,,,,
B2-1,6/11/2021,35.28078417,Cellotetraose,2,7.825682255,,,,,,,,
B2-1,6/18/2021,54.68298388,Cellotetraose,2,12.12931251,,,,,,,,
B2-1,6/25/2021,113.2239174,Cellotetraose,2,22.64478348,,,,,,,,
B2-1,7/2/2021,95.77856552,Cellotetraose,2,21.24478348,,,,,,,,
B2-1,7/8/2021,15.12519319,Cellotetraose,2,3.354941187,,,,,,,,
B2-1,7/17/2021,8.880565108,Cellotetraose,2,1.969811115,,,,,,,,
B2-1,7/23/2021,24.35740321,Cellotetraose,2,5.402751175,,,,,,,,
B2-1,7/30/2021,8.401271736,Cellotetraose,2,1.863498352,,,,,,,,
B2-2,6/2/2021,82.67202268,Cellotetraose,2,18.33760207,,,,,,,,
B2-2,6/18/2021,32.57097319,Cellotetraose,2,7.224615125,,,,,,,,
B2-2,6/25/2021,101.5100342,Cellotetraose,2,20.30200684,,,,,,,,
B2-2,7/2/2021,85.2165475,Cellotetraose,2,18.90200684,,,,,,,,
B2-2,7/8/2021,15.09140646,Cellotetraose,2,3.347446903,,,,,,,,
B2-2,7/17/2021,4.873572821,Cellotetraose,2,1.081014304,,,,,,,,
B2-2,7/23/2021,24.53391563,Cellotetraose,2,5.441903653,,,,,,,,
B2-2,7/30/2021,7.902075097,Cellotetraose,2,1.752770816,,,,,,,,
B2-3,6/2/2021,96.82715046,Cellotetraose,2,21.47737164,,,,,,,,
B2-3,6/11/2021,27.44919497,Cellotetraose,2,6.088546019,,,,,,,,
B2-3,6/18/2021,36.78480789,Cellotetraose,2,8.159291954,,,,,,,,
B2-3,6/25/2021,116.2408964,Cellotetraose,2,23.24817927,,,,,,,,
B2-3,7/2/2021,98.49887488,Cellotetraose,2,21.84817927,,,,,,,,
B2-3,7/8/2021,16.48911732,Cellotetraose,2,3.657475192,,,,,,,,
B2-3,7/17/2021,3.259638666,Cellotetraose,2,0.723025213,,,,,,,,
B2-3,7/23/2021,22.80480946,Cellotetraose,2,5.058368086,,,,,,,,
B2-3,7/30/2021,7.657426193,Cellotetraose,2,1.698504886,,,,,,,,
B2-4,6/2/2021,66.45375091,Cellotetraose,2,14.74020353,,,,,,,,
B2-4,6/11/2021,36.18404088,Cellotetraose,2,8.026034945,,,,,,,,
B2-4,6/18/2021,41.26716243,Cellotetraose,2,9.15352956,,,,,,,,
B2-4,6/25/2021,104.2643272,Cellotetraose,2,20.85286543,,,,,,,,
B2-4,7/2/2021,87.70000165,Cellotetraose,2,19.45286543,,,,,,,,
B2-4,7/8/2021,15.94617516,Cellotetraose,2,3.537044397,,,,,,,,
B2-4,7/17/2021,5.437285622,Cellotetraose,2,1.206052264,,,,,,,,
B2-4,7/23/2021,20.91923582,Cellotetraose,2,4.640126245,,,,,,,,
B2-4,7/30/2021,5.120474067,Cellotetraose,2,1.13577983,,,,,,,,
BN2-1,6/2/2021,2.271897191,Cellotetraose,-2,0.503932834,,,,,,,,
BN2-1,6/11/2021,8.468991756,Cellotetraose,-2,1.878519428,,,,,,,,
BN2-1,6/18/2021,4.597881108,Cellotetraose,-2,1.019862723,,,,,,,,
BN2-1,6/25/2021,5.148766328,Cellotetraose,-2,1.142055378,,,,,,,,
BN2-1,7/2/2021,5.644682996,Cellotetraose,-2,1.252055378,,,,,,,,
BN2-1,7/8/2021,1.34564473,Cellotetraose,-2,0.298479422,,,,,,,,
BN2-1,7/17/2021,7.453502996,Cellotetraose,-2,1.653272384,,,,,,,,
BN2-1,7/23/2021,8.724738461,Cellotetraose,-2,1.935246978,,,,,,,,
BN2-1,7/30/2021,10.72701147,Cellotetraose,-2,2.379374079,,,,,,,,
BN2-1,8/6/2021,9.597272582,Cellotetraose,-2,2.128785046,,,,,,,,
BN2-2,6/2/2021,1.458485896,Cellotetraose,-2,0.323508886,,,,,,,,
BN2-2,6/11/2021,5.799648025,Cellotetraose,-2,1.286428397,,,,,,,,
BN2-2,6/18/2021,5.541158928,Cellotetraose,-2,1.229092553,,,,,,,,
BN2-2,6/25/2021,4.794361378,Cellotetraose,-2,1.063444298,,,,,,,,
BN2-2,7/2/2021,5.966528043,Cellotetraose,-2,1.323444298,,,,,,,,
BN2-2,7/8/2021,6.509825837,Cellotetraose,-2,1.443953975,,,,,,,,
BN2-2,7/17/2021,5.810467492,Cellotetraose,-2,1.288828279,,,,,,,,
BN2-2,7/23/2021,10.65705813,Cellotetraose,-2,2.363857625,,,,,,,,
BN2-2,7/30/2021,6.230501652,Cellotetraose,-2,1.38199667,,,,,,,,
BN2-2,8/6/2021,8.055399538,Cellotetraose,-2,1.786779934,,,,,,,,
BN2-3,6/2/2021,2.488864887,Cellotetraose,-2,0.552058755,,,,,,,,
BN2-3,6/11/2021,4.572602701,Cellotetraose,-2,1.014255682,,,,,,,,
BN2-3,6/18/2021,8.067978304,Cellotetraose,-2,1.789570049,,,,,,,,
BN2-3,6/25/2021,5.778921022,Cellotetraose,-2,1.281830911,,,,,,,,
BN2-3,7/2/2021,5.778921024,Cellotetraose,-2,1.281830911,,,,,,,,
BN2-3,7/8/2021,6.810477509,Cellotetraose,-2,1.510641961,,,,,,,,
BN2-3,7/17/2021,9.484528954,Cellotetraose,-2,2.103777217,,,,,,,,
BN2-3,7/23/2021,13.00849089,Cellotetraose,-2,2.885432361,,,,,,,,
BN2-3,7/30/2021,8.964230854,Cellotetraose,-2,1.988369136,,,,,,,,
BN2-3,8/6/2021,8.635847919,Cellotetraose,-2,1.915530037,,,,,,,,
BN2-4,6/2/2021,1.436737945,Cellotetraose,-2,0.318684942,,,,,,,,
BN2-4,6/11/2021,2.941558533,Cellotetraose,-2,0.652471394,,,,,,,,
BN2-4,6/18/2021,5.773176713,Cellotetraose,-2,1.280556757,,,,,,,,
BN2-4,6/25/2021,5.775888528,Cellotetraose,-2,1.281158269,,,,,,,,
BN2-4,7/2/2021,5.775888529,Cellotetraose,-2,1.281158269,,,,,,,,
BN2-4,7/8/2021,9.140007824,Cellotetraose,-2,2.027358482,,,,,,,,
BN2-4,7/17/2021,8.366208649,Cellotetraose,-2,1.855720957,,,,,,,,
BN2-4,7/23/2021,7.333476402,Cellotetraose,-2,1.62664911,,,,,,,,
BN2-4,7/30/2021,7.248254758,Cellotetraose,-2,1.607745972,,,,,,,,
BN2-4,8/6/2021,6.282531249,Cellotetraose,-2,1.393537431,,,,,,,,
C10-1,6/2/2021,56.66514535,Coloidal cellulose,10,12.56897864,,,,,,,,
C10-1,6/11/2021,101.1308306,Coloidal cellulose,10,22.43197721,,,,,,,,
C10-1,6/18/2021,81.01496529,Coloidal cellulose,10,17.97004775,,,,,,,,
C10-1,6/25/2021,116.806492,Coloidal cellulose,10,23.3612984,,,,,,,,
C10-1,7/2/2021,98.9710309,Coloidal cellulose,10,21.95290889,,,,,,,,
C10-1,7/8/2021,59.83869757,Coloidal cellulose,10,13.27290889,,,,,,,,
C10-1,7/17/2021,18.49764023,Coloidal cellulose,10,4.102988591,,,,,,,,
C10-1,7/23/2021,31.91101814,Coloidal cellulose,10,7.078229533,,,,,,,,
C10-2,6/2/2021,49.60196041,Coloidal cellulose,10,11.00228327,,,,,,,,
C10-2,6/11/2021,648.5274387,Coloidal cellulose,10,143.8508182,,,,,,,,
C10-2,6/18/2021,1008.951843,Coloidal cellulose,10,223.7970816,,,,,,,,
C10-2,6/25/2021,113.1178661,Coloidal cellulose,10,22.62357321,,,,,,,,
C10-2,7/2/2021,96.64289306,Coloidal cellulose,10,21.43650123,,,,,,,,
C10-2,7/8/2021,57.51055976,Coloidal cellulose,10,12.75650124,,,,,,,,
C10-2,7/17/2021,16.64876409,Coloidal cellulose,10,3.692886675,,,,,,,,
C10-2,7/23/2021,25.99076263,Coloidal cellulose,10,5.765049011,,,,,,,,
C10-3,6/2/2021,54.26595998,Coloidal cellulose,10,12.03681183,,,,,,,,
C10-3,6/11/2021,105.10102,Coloidal cellulose,10,23.31261072,,,,,,,,
C10-3,6/18/2021,84.81371765,Coloidal cellulose,10,18.81265456,,,,,,,,
C10-3,6/25/2021,132.5097871,Coloidal cellulose,10,26.50195741,,,,,,,,
C10-3,7/2/2021,108.8824273,Coloidal cellulose,10,24.1513702,,,,,,,,
C10-3,7/8/2021,69.75009396,Coloidal cellulose,10,15.4713702,,,,,,,,
C10-3,7/17/2021,19.88716553,Coloidal cellulose,10,4.411201227,,,,,,,,
C10-3,7/23/2021,43.41649929,Coloidal cellulose,10,9.630277107,,,,,,,,
C10-4,6/2/2021,49.85376328,Coloidal cellulose,10,11.05813603,,,,,,,,
C10-4,6/11/2021,109.7290179,Coloidal cellulose,10,24.33915369,,,,,,,,
C10-4,6/18/2021,86.71158873,Coloidal cellulose,10,19.23362412,,,,,,,,
C10-4,6/25/2021,130.6820659,Coloidal cellulose,10,26.13641317,,,,,,,,
C10-4,7/2/2021,107.7288306,Coloidal cellulose,10,23.89548922,,,,,,,,
C10-4,7/8/2021,68.59649726,Coloidal cellulose,10,15.21548923,,,,,,,,
C10-4,7/17/2021,18.53755804,Coloidal cellulose,10,4.111842819,,,,,,,,
C10-4,7/23/2021,35.41526102,Coloidal cellulose,10,7.855510762,,,,,,,,
C2-1,6/2/2021,28.84529058,Coloidal cellulose,2,6.398216026,,,,,,,,
C2-1,6/11/2021,35.11750259,Coloidal cellulose,2,7.78946453,,,,,,,,
C2-1,6/18/2021,36.03431551,Coloidal cellulose,2,7.992824143,,,,,,,,
C2-1,6/25/2021,103.3034411,Coloidal cellulose,2,20.66068821,,,,,,,,
C2-1,7/2/2021,88.18610268,Coloidal cellulose,2,19.56068821,,,,,,,,
C2-1,7/8/2021,16.7331863,Coloidal cellulose,2,3.711612488,,,,,,,,
C2-1,7/17/2021,10.03794212,Coloidal cellulose,2,2.2265306,,,,,,,,
C2-1,7/23/2021,19.71854599,Coloidal cellulose,2,4.37379948,,,,,,,,
C2-1,7/30/2021,9.226884407,Coloidal cellulose,2,2.046628704,,,,,,,,
C2-2,6/2/2021,31.01153754,Coloidal cellulose,2,6.878714426,,,,,,,,
C2-2,6/11/2021,46.14427086,Coloidal cellulose,2,10.2353281,,,,,,,,
C2-2,6/18/2021,39.49935532,Coloidal cellulose,2,8.761409682,,,,,,,,
C2-2,6/25/2021,113.1501108,Coloidal cellulose,2,22.63002215,,,,,,,,
C2-2,7/2/2021,97.06451653,Coloidal cellulose,2,21.53002215,,,,,,,,
C2-2,7/8/2021,18.00235804,Coloidal cellulose,2,3.993129324,,,,,,,,
C2-2,7/17/2021,6.529275523,Coloidal cellulose,2,1.448268138,,,,,,,,
C2-2,7/23/2021,23.19013333,Coloidal cellulose,2,5.143837337,,,,,,,,
C2-2,7/30/2021,7.087323818,Coloidal cellulose,2,1.572049645,,,,,,,,
C2-3,6/2/2021,27.28185787,Coloidal cellulose,2,6.051428733,,,,,,,,
C2-3,6/11/2021,40.88699809,Coloidal cellulose,2,9.069204752,,,,,,,,
C2-3,6/18/2021,18.64600148,Coloidal cellulose,2,4.135896816,,,,,,,,
C2-3,6/25/2021,111.3280456,Coloidal cellulose,2,22.26560912,,,,,,,,
C2-3,7/2/2021,95.42162112,Coloidal cellulose,2,21.16560912,,,,,,,,
C2-3,7/8/2021,17.61293645,Coloidal cellulose,2,3.906751153,,,,,,,,
C2-3,7/17/2021,9.703012382,Coloidal cellulose,2,2.152239346,,,,,,,,
C2-3,7/23/2021,18.63285113,Coloidal cellulose,2,4.132979918,,,,,,,,
C2-3,7/30/2021,7.893518519,Coloidal cellulose,2,1.750872869,,,,,,,,
C2-4,6/2/2021,20.15355765,Coloidal cellulose,2,4.470290052,,,,,,,,
C2-4,6/11/2021,41.23067898,Coloidal cellulose,2,9.145437111,,,,,,,,
C2-4,6/18/2021,43.98274172,Coloidal cellulose,2,9.755876167,,,,,,,,
C2-4,6/25/2021,115.0888808,Coloidal cellulose,2,23.01777615,,,,,,,,
C2-4,7/2/2021,98.81264081,Coloidal cellulose,2,21.91777615,,,,,,,,
C2-4,7/8/2021,16.12566869,Coloidal cellulose,2,3.576858119,,,,,,,,
C2-4,7/17/2021,9.502916397,Coloidal cellulose,2,2.107855763,,,,,,,,
C2-4,7/23/2021,29.41042795,Coloidal cellulose,2,6.523569971,,,,,,,,
C2-4,7/30/2021,8.9391827,Coloidal cellulose,2,1.982813168,,,,,,,,
C6-1,6/2/2021,57.5640617,Coloidal cellulose,6,12.76836858,,,,,,,,
C6-1,6/11/2021,70.69771172,Coloidal cellulose,6,15.68156267,,,,,,,,
C6-1,6/18/2021,93.56465308,Coloidal cellulose,6,20.75371233,,,,,,,,
C6-1,6/25/2021,75.0771632,Coloidal cellulose,6,15.01543264,,,,,,,,
C6-1,7/2/2021,53.4520483,Coloidal cellulose,6,11.85627689,,,,,,,,
C6-1,7/8/2021,37.05449434,Coloidal cellulose,6,8.219111498,,,,,,,,
C6-1,7/17/2021,13.83522831,Coloidal cellulose,6,3.068812196,,,,,,,,
C6-1,7/23/2021,24.00377971,Coloidal cellulose,6,5.324313429,,,,,,,,
C6-1,7/26/2021,9.938075372,Coloidal cellulose,6,2.204379011,,,,,,,,
C6-2,6/2/2021,62.90301153,Coloidal cellulose,6,13.95260884,,,,,,,,
C6-2,6/11/2021,77.45304492,Coloidal cellulose,6,17.179973,,,,,,,,
C6-2,6/18/2021,80.34465719,Coloidal cellulose,6,17.82136574,,,,,,,,
C6-2,6/25/2021,77.8904271,Coloidal cellulose,6,15.57808542,,,,,,,,
C6-2,7/2/2021,55.07548913,Coloidal cellulose,6,12.21637467,,,,,,,,
C6-2,7/8/2021,38.88086527,Coloidal cellulose,6,8.624221503,,,,,,,,
C6-2,7/17/2021,16.42692202,Coloidal cellulose,6,3.643679561,,,,,,,,
C6-2,7/23/2021,19.67671932,Coloidal cellulose,6,4.364521846,,,,,,,,
C6-2,7/26/2021,9.098808127,Coloidal cellulose,6,2.018219917,,,,,,,,
C6-3,6/2/2021,36.98641879,Coloidal cellulose,6,8.204011562,,,,,,,,
C6-3,6/11/2021,74.38202392,Coloidal cellulose,6,16.49878534,,,,,,,,
C6-3,6/18/2021,98.80541255,Coloidal cellulose,6,21.91617284,,,,,,,,
C6-3,6/25/2021,73.141929,Coloidal cellulose,6,14.6283858,,,,,,,,
C6-3,7/2/2021,52.33528913,Coloidal cellulose,6,11.60856691,,,,,,,,
C6-3,7/8/2021,35.79814028,Coloidal cellulose,6,7.94043777,,,,,,,,
C6-3,7/17/2021,11.17494025,Coloidal cellulose,6,2.478729815,,,,,,,,
C6-3,7/23/2021,22.30544286,Coloidal cellulose,6,4.947602852,,,,,,,,
C6-3,7/26/2021,8.953521267,Coloidal cellulose,6,1.985993627,,,,,,,,
C6-4,6/2/2021,49.16527047,Coloidal cellulose,6,10.90542044,,,,,,,,
C6-4,6/11/2021,71.37190336,Coloidal cellulose,6,15.83110611,,,,,,,,
C6-4,6/18/2021,79.11747049,Coloidal cellulose,6,17.54916166,,,,,,,,
C6-4,6/25/2021,79.7734204,Coloidal cellulose,6,15.95468408,,,,,,,,
C6-4,7/2/2021,56.16210181,Coloidal cellulose,6,12.45739782,,,,,,,,
C6-4,7/8/2021,40.10330453,Coloidal cellulose,6,8.895372541,,,,,,,,
C6-4,7/17/2021,11.7665996,Coloidal cellulose,6,2.609966639,,,,,,,,
C6-4,7/23/2021,18.40788976,Coloidal cellulose,6,4.083080907,,,,,,,,
C6-4,7/26/2021,6.672220372,Coloidal cellulose,6,1.479974944,,,,,,,,
CN2-1,6/2/2021,1.164517502,Coloidal cellulose,-2,0.258303328,,,,,,,,
CN2-1,6/11/2021,2.020393763,Coloidal cellulose,-2,0.448146491,,,,,,,,
CN2-1,6/18/2021,3.113016229,Coloidal cellulose,-2,0.690502676,,,,,,,,
CN2-1,6/25/2021,2.806945823,Coloidal cellulose,-2,0.922612752,,,,,,,,
CN2-1,7/2/2021,4.159445824,Coloidal cellulose,-2,0.922612752,,,,,,,,
CN2-1,7/8/2021,1.573413503,Coloidal cellulose,-2,0.349001147,,,,,,,,
CN2-1,7/17/2021,2.631878558,Coloidal cellulose,-2,0.583780826,,,,,,,,
CN2-1,7/23/2021,2.5678251,Coloidal cellulose,-2,0.569573035,,,,,,,,
CN2-1,7/30/2021,1.457165251,Coloidal cellulose,-2,0.323215952,,,,,,,,
CN2-1,8/6/2021,1.961639117,Coloidal cellulose,-2,0.435114037,,,,,,,,
CN2-2,6/2/2021,1.244722558,Coloidal cellulose,-2,0.276093728,,,,,,,,
CN2-2,6/11/2021,6.376357125,Coloidal cellulose,-2,1.414349085,,,,,,,,
CN2-2,6/18/2021,3.308236842,Coloidal cellulose,-2,0.733804845,,,,,,,,
CN2-2,6/25/2021,3.121080214,Coloidal cellulose,-2,0.99229136,,,,,,,,
CN2-2,7/2/2021,4.473580215,Coloidal cellulose,-2,0.99229136,,,,,,,,
CN2-2,7/8/2021,1.91058429,Coloidal cellulose,-2,0.423789491,,,,,,,,
CN2-2,7/17/2021,3.160137253,Coloidal cellulose,-2,0.700954659,,,,,,,,
CN2-2,7/23/2021,2.836030408,Coloidal cellulose,-2,0.629064046,,,,,,,,
CN2-2,7/30/2021,2.540133478,Coloidal cellulose,-2,0.563430716,,,,,,,,
CN2-2,8/6/2021,1.916405037,Coloidal cellulose,-2,0.4250806,,,,,,,,
CN2-3,6/2/2021,1.633590026,Coloidal cellulose,-2,0.362348989,,,,,,,,
CN2-3,6/11/2021,2.691067826,Coloidal cellulose,-2,0.596909684,,,,,,,,
CN2-3,6/18/2021,3.116483438,Coloidal cellulose,-2,0.691271742,,,,,,,,
CN2-3,6/25/2021,2.898714901,Coloidal cellulose,-2,0.942968185,,,,,,,,
CN2-3,7/2/2021,4.251214901,Coloidal cellulose,-2,0.942968185,,,,,,,,
CN2-3,7/8/2021,1.73336352,Coloidal cellulose,-2,0.384479893,,,,,,,,
CN2-3,7/17/2021,3.511731871,Coloidal cellulose,-2,0.778942374,,,,,,,,
CN2-3,7/23/2021,2.984914238,Coloidal cellulose,-2,0.662088186,,,,,,,,
CN2-3,7/30/2021,1.753919086,Coloidal cellulose,-2,0.389039354,,,,,,,,
CN2-3,8/6/2021,1.927725456,Coloidal cellulose,-2,0.427591598,,,,,,,,
CN2-4,6/2/2021,2.267001356,Coloidal cellulose,-2,0.502846881,,,,,,,,
CN2-4,6/11/2021,2.322156349,Coloidal cellulose,-2,0.515080891,,,,,,,,
CN2-4,6/18/2021,3.084590057,Coloidal cellulose,-2,0.684197425,,,,,,,,
CN2-4,6/25/2021,2.632431657,Coloidal cellulose,-2,0.88390351,,,,,,,,
CN2-4,7/2/2021,3.984931658,Coloidal cellulose,-2,0.88390351,,,,,,,,
CN2-4,7/8/2021,1.564781233,Coloidal cellulose,-2,0.34708641,,,,,,,,
CN2-4,7/23/2021,3.043082994,Coloidal cellulose,-2,0.674990683,,,,,,,,
CN2-4,7/30/2021,2.366027865,Coloidal cellulose,-2,0.524812096,,,,,,,,
CN2-4,8/6/2021,1.955497331,Coloidal cellulose,-2,0.433751718,,,,,,,,
CN6-1,6/2/2021,1.702294619,Coloidal cellulose,-6,0.377588455,,,,,,,,
CN6-1,6/11/2021,1.650982765,Coloidal cellulose,-6,0.366206898,,,,,,,,
CN6-1,6/18/2021,2.098284534,Coloidal cellulose,-6,0.465423556,,,,,,,,
CN6-1,6/25/2021,1.636241438,Coloidal cellulose,-6,0.362937103,,,,,,,,
CN6-1,7/2/2021,1.636241439,Coloidal cellulose,-6,0.362937103,,,,,,,,
CN6-1,7/8/2021,0.438244305,Coloidal cellulose,-6,0.097207609,,,,,,,,
CN6-1,7/17/2021,3.357984358,Coloidal cellulose,-6,0.744839414,,,,,,,,
CN6-1,7/17/2021,0.903298611,Coloidal cellulose,-6,0.200361984,,,,,,,,
CN6-1,7/23/2021,1.014420153,Coloidal cellulose,-6,0.225010016,,,,,,,,
CN6-1,7/30/2021,1.236724445,Coloidal cellulose,-6,0.274319655,,,,,,,,
CN6-1,8/6/2021,0.204282145,Coloidal cellulose,-6,0.045312121,,,,,,,,
CN6-1,8/13/2021,0.284799969,Coloidal cellulose,-6,0.063171897,,,,,,,,
CN6-2,6/2/2021,1.254021446,Coloidal cellulose,-6,0.278156328,,,,,,,,
CN6-2,6/2/2021,1.624756997,Coloidal cellulose,-6,0.360389722,,,,,,,,
CN6-2,6/11/2021,2.185655649,Coloidal cellulose,-6,0.484803471,,,,,,,,
CN6-2,6/18/2021,0.735856239,Coloidal cellulose,-6,0.163221347,,,,,,,,
CN6-2,6/25/2021,1.81685115,Coloidal cellulose,-6,0.402998407,,,,,,,,
CN6-2,7/2/2021,1.816851152,Coloidal cellulose,-6,0.402998407,,,,,,,,
CN6-2,7/8/2021,0.542621846,Coloidal cellulose,-6,0.120359744,,,,,,,,
CN6-2,7/17/2021,1.61910508,Coloidal cellulose,-6,0.359136062,,,,,,,,
CN6-2,7/23/2021,1.054311805,Coloidal cellulose,-6,0.233858441,,,,,,,,
CN6-2,7/30/2021,0.840810965,Coloidal cellulose,-6,0.186501508,,,,,,,,
CN6-2,8/6/2021,0.487669841,Coloidal cellulose,-6,0.108170759,,,,,,,,
CN6-2,8/13/2021,0.303786634,Coloidal cellulose,-6,0.067383357,,,,,,,,
CN6-3,6/2/2021,2.023987796,Coloidal cellulose,-6,0.448943689,,,,,,,,
CN6-3,6/11/2021,1.320238655,Coloidal cellulose,-6,0.292844064,,,,,,,,
CN6-3,6/18/2021,1.702997298,Coloidal cellulose,-6,0.377744318,,,,,,,,
CN6-3,6/25/2021,2.488540482,Coloidal cellulose,-6,0.551986798,,,,,,,,
CN6-3,7/2/2021,2.488540481,Coloidal cellulose,-6,0.551986798,,,,,,,,
CN6-3,7/8/2021,0.565625252,Coloidal cellulose,-6,0.125462163,,,,,,,,
CN6-3,7/17/2021,1.36874258,Coloidal cellulose,-6,0.30360279,,,,,,,,
CN6-3,7/23/2021,1.147247829,Coloidal cellulose,-6,0.254472716,,,,,,,,
CN6-3,7/30/2021,1.189819397,Coloidal cellulose,-6,0.263915578,,,,,,,,
CN6-3,8/6/2021,0.299052212,Coloidal cellulose,-6,0.066333208,,,,,,,,
CN6-3,8/13/2021,0.341759963,Coloidal cellulose,-6,0.075806276,,,,,,,,
CN6-4,6/11/2021,2.083266959,Coloidal cellulose,-6,0.462092486,,,,,,,,
CN6-4,6/18/2021,1.645027197,Coloidal cellulose,-6,0.364885885,,,,,,,,
CN6-4,6/25/2021,1.859925918,Coloidal cellulose,-6,0.412552884,,,,,,,,
CN6-4,7/2/2021,1.859925919,Coloidal cellulose,-6,0.412552884,,,,,,,,
CN6-4,7/8/2021,0.368651862,Coloidal cellulose,-6,0.081771208,,,,,,,,
CN6-4,7/17/2021,1.241992618,Coloidal cellulose,-6,0.275488196,,,,,,,,
CN6-4,7/23/2021,1.4,Coloidal cellulose,-6,0.310536044,,,,,,,,
CN6-4,7/30/2021,1.091350158,Coloidal cellulose,-6,0.242073972,,,,,,,,
CN6-4,8/6/2021,0.811835645,Coloidal cellulose,-6,0.18007445,,,,,,,,
CN6-4,8/13/2021,0.379733292,Coloidal cellulose,-6,0.084229196,,,,,,,,
D10-1,6/2/2021,65.99422247,Cellulose- 20,10,14.63827485,,,,,,,,
D10-1,6/11/2021,88.28722391,Cellulose- 20,10,19.58311806,,,,,,,,
D10-1,6/18/2021,75.57886348,Cellulose- 20,10,16.76425807,,,,,,,,
D10-1,6/25/2021,125.1529858,Cellulose- 20,10,25.03059716,,,,,,,,
D10-1,7/2/2021,88.77547616,Cellulose- 20,10,19.691418,,,,,,,,
D10-1,7/8/2021,45.54055951,Cellulose- 20,10,10.10141801,,,,,,,,
D10-1,7/17/2021,15.60249232,Cellulose- 20,10,3.460811605,,,,,,,,
D10-1,7/23/2021,40.66225438,Cellulose- 20,10,9.019354021,,,,,,,,
D10-2,6/2/2021,55.01147683,Cellulose- 20,10,12.20217601,,,,,,,,
D10-2,6/11/2021,126.5797527,Cellulose- 20,10,28.07683978,,,,,,,,
D10-2,6/18/2021,74.70199498,Cellulose- 20,10,16.56975859,,,,,,,,
D10-2,6/25/2021,106.7797531,Cellulose- 20,10,21.35595062,,,,,,,,
D10-2,7/2/2021,92.9580708,Cellulose- 20,10,20.61916543,,,,,,,,
D10-2,7/8/2021,49.72315413,Cellulose- 20,10,11.02916543,,,,,,,,
D10-2,7/17/2021,14.95362609,Cellulose- 20,10,3.31688564,,,,,,,,
D10-2,7/23/2021,33.98656512,Cellulose- 20,10,7.538609637,,,,,,,,
D10-3,6/2/2021,49.3133937,Cellulose- 20,10,10.93827587,,,,,,,,
D10-3,6/11/2021,482.8935711,Cellulose- 20,10,107.1113281,,,,,,,,
D10-3,6/18/2021,571.8971583,Cellulose- 20,10,126.8533438,,,,,,,,
D10-3,6/25/2021,119.9506335,Cellulose- 20,10,23.99012669,,,,,,,,
D10-3,7/2/2021,101.2710915,Cellulose- 20,10,22.46308868,,,,,,,,
D10-3,7/8/2021,58.03617481,Cellulose- 20,10,12.87308868,,,,,,,,
D10-3,7/17/2021,12.31320789,Cellulose- 20,10,2.731210623,,,,,,,,
D10-3,7/23/2021,18.31283602,Cellulose- 20,10,4.061996899,,,,,,,,
D10-4,6/2/2021,57.47717145,Cellulose- 20,10,12.74909533,,,,,,,,
D10-4,6/11/2021,105.6066628,Cellulose- 20,10,23.4247681,,,,,,,,
D10-4,6/18/2021,80.93081615,Cellulose- 20,10,17.95138251,,,,,,,,
D10-4,6/25/2021,119.1684574,Cellulose- 20,10,23.83369147,,,,,,,,
D10-4,7/2/2021,100.777408,Cellulose- 20,10,22.35358403,,,,,,,,
D10-4,7/8/2021,57.54249133,Cellulose- 20,10,12.76358403,,,,,,,,
D10-4,7/17/2021,18.3780609,Cellulose- 20,10,4.076464526,,,,,,,,
D10-4,7/23/2021,23.2398421,Cellulose- 20,10,5.154863312,,,,,,,,
D2-1,6/2/2021,24.21924379,Cellulose- 20,2,5.372105832,,,,,,,,
D2-1,6/11/2021,51.44724204,Cellulose- 20,2,11.41158788,,,,,,,,
D2-1,6/18/2021,30.11465413,Cellulose- 20,2,6.679775409,,,,,,,,
D2-1,6/25/2021,105.4549374,Cellulose- 20,2,21.09098747,,,,,,,,
D2-1,7/2/2021,88.32270184,Cellulose- 20,2,19.59098747,,,,,,,,
D2-1,7/8/2021,16.11489331,Cellulose- 20,2,3.574468017,,,,,,,,
D2-1,7/17/2021,8.098122239,Cellulose- 20,2,1.796256319,,,,,,,,
D2-1,7/23/2021,22.46085298,Cellulose- 20,2,4.982074598,,,,,,,,
D2-1,7/30/2021,9.103903729,Cellulose- 20,2,2.01935018,,,,,,,,
D2-2,6/2/2021,24.40448415,Cellulose- 20,2,5.413194267,,,,,,,,
D2-2,6/11/2021,45.23981508,Cellulose- 20,2,10.03470944,,,,,,,,
D2-2,6/18/2021,25.8075264,Cellulose- 20,2,5.724405115,,,,,,,,
D2-2,6/25/2021,104.0037168,Cellulose- 20,2,20.80074336,,,,,,,,
D2-2,7/2/2021,87.01418465,Cellulose- 20,2,19.30074336,,,,,,,,
D2-2,7/8/2021,18.39732608,Cellulose- 20,2,4.080737763,,,,,,,,
D2-2,7/17/2021,10.61836735,Cellulose- 20,2,2.355275567,,,,,,,,
D2-2,7/23/2021,27.67835529,Cellulose- 20,2,6.139376403,,,,,,,,
D2-2,7/30/2021,9.185943982,Cellulose- 20,2,2.037547649,,,,,,,,
D2-3,6/2/2021,29.7510557,Cellulose- 20,2,6.599125109,,,,,,,,
D2-3,6/11/2021,47.35571596,Cellulose- 20,2,10.50404051,,,,,,,,
D2-3,6/18/2021,45.85533845,Cellulose- 20,2,10.17123958,,,,,,,,
D2-3,6/25/2021,106.317446,Cellulose- 20,2,21.26348919,,,,,,,,
D2-3,7/2/2021,89.1003971,Cellulose- 20,2,19.76348919,,,,,,,,
D2-3,7/8/2021,17.1827389,Cellulose- 20,2,3.811328406,,,,,,,,
D2-3,7/17/2021,13.96679238,Cellulose- 20,2,3.097994614,,,,,,,,
D2-3,7/23/2021,27.72410874,Cellulose- 20,2,6.149525044,,,,,,,,
D2-3,7/30/2021,10.57299505,Cellulose- 20,2,2.34521147,,,,,,,,
D2-4,6/2/2021,21.0397642,Cellulose- 20,2,4.66686082,,,,,,,,
D2-4,6/11/2021,44.56537826,Cellulose- 20,2,9.885111629,,,,,,,,
D2-4,6/18/2021,39.6497012,Cellulose- 20,2,8.794758121,,,,,,,,
D2-4,6/25/2021,102.6861508,Cellulose- 20,2,20.53723015,,,,,,,,
D2-4,7/2/2021,85.82617926,Cellulose- 20,2,19.03723015,,,,,,,,
D2-4,7/8/2021,18.29116615,Cellulose- 20,2,4.057190272,,,,,,,,
D2-4,7/17/2021,9.628053294,Cellulose- 20,2,2.135612561,,,,,,,,
D2-4,7/23/2021,19.45459196,Cellulose- 20,2,4.315251452,,,,,,,,
D2-4,7/30/2021,6.258359464,Cellulose- 20,2,1.388175851,,,,,,,,
D6-1,6/2/2021,51.80140091,Cellulose- 20,6,11.49014438,,,,,,,,
D6-1,6/11/2021,93.36361234,Cellulose- 20,6,20.70911919,,,,,,,,
D6-1,6/18/2021,85.99497292,Cellulose- 20,6,19.07467052,,,,,,,,
D6-1,6/25/2021,83.2068918,Cellulose- 20,6,16.64137836,,,,,,,,
D6-1,7/2/2021,55.0272837,Cellulose- 20,6,12.20568215,,,,,,,,
D6-1,7/8/2021,36.48951416,Cellulose- 20,6,8.09379242,,,,,,,,
D6-1,7/17/2021,8.641847227,Cellulose- 20,6,1.916860753,,,,,,,,
D6-1,7/23/2021,24.65238214,Cellulose- 20,6,5.468180881,,,,,,,,
D6-1,7/26/2021,6.370469871,Cellulose- 20,6,1.413043225,,,,,,,,
D6-2,6/2/2021,56.23019599,Cellulose- 20,6,12.47250188,,,,,,,,
D6-2,6/11/2021,74.09235175,Cellulose- 20,6,16.43453274,,,,,,,,
D6-2,6/18/2021,66.63270416,Cellulose- 20,6,14.77989741,,,,,,,,
D6-2,6/25/2021,77.7774146,Cellulose- 20,6,15.55548292,,,,,,,,
D6-2,7/2/2021,51.89411338,Cellulose- 20,6,11.51070907,,,,,,,,
D6-2,7/8/2021,32.96469755,Cellulose- 20,6,7.311947702,,,,,,,,
D6-2,7/17/2021,8.713272543,Cellulose- 20,6,1.932703707,,,,,,,,
D6-2,7/23/2021,23.85409627,Cellulose- 20,6,5.291111928,,,,,,,,
D6-2,7/26/2021,6.787631603,Cellulose- 20,6,1.505574478,,,,,,,,
D6-3,6/2/2021,62.72032166,Cellulose- 20,6,13.91208614,,,,,,,,
D6-3,6/11/2021,68.78919656,Cellulose- 20,6,15.25823214,,,,,,,,
D6-3,6/18/2021,44.97872473,Cellulose- 20,6,9.976796613,,,,,,,,
D6-3,6/25/2021,69.09435035,Cellulose- 20,6,13.81887007,,,,,,,,
D6-3,7/2/2021,46.88340645,Cellulose- 20,6,10.39927685,,,,,,,,
D6-3,7/8/2021,27.32765225,Cellulose- 20,6,6.061586452,,,,,,,,
D6-3,7/17/2021,13.61871033,Cellulose- 20,6,3.020786025,,,,,,,,
D6-3,7/23/2021,25.07529875,Cellulose- 20,6,5.561988632,,,,,,,,
D6-3,7/26/2021,9.479402692,Cellulose- 20,6,2.102640153,,,,,,,,
D6-4,6/2/2021,58.77720682,Cellulose- 20,6,13.03745808,,,,,,,,
D6-4,6/11/2021,60.96874745,Cellulose- 20,6,13.5235669,,,,,,,,
D6-4,6/18/2021,56.09895466,Cellulose- 20,6,12.44339105,,,,,,,,
D6-4,6/25/2021,74.7143871,Cellulose- 20,6,14.94287742,,,,,,,,
D6-4,7/2/2021,50.12654234,Cellulose- 20,6,11.11864155,,,,,,,,
D6-4,7/8/2021,30.97618013,Cellulose- 20,6,6.870871748,,,,,,,,
D6-4,7/17/2021,14.3107883,Cellulose- 20,6,3.174296852,,,,,,,,
D6-4,7/23/2021,19.3323652,Cellulose- 20,6,4.288140154,,,,,,,,
D6-4,7/26/2021,7.616503539,Cellulose- 20,6,1.689427772,,,,,,,,
DN2-1,6/2/2021,1.44078652,Cellulose- 20,-2,0.319582962,,,,,,,,
DN2-1,6/11/2021,2.295273443,Cellulose- 20,-2,0.509117954,,,,,,,,
DN2-1,6/18/2021,2.36342327,Cellulose- 20,-2,0.524234367,,,,,,,,
DN2-1,6/25/2021,2.598428774,Cellulose- 20,-2,0.576361281,,,,,,,,
DN2-1,7/2/2021,2.598428775,Cellulose- 20,-2,0.576361281,,,,,,,,
DN2-1,7/8/2021,0.963278036,Cellulose- 20,-2,0.213666108,,,,,,,,
DN2-1,7/17/2021,1.677635468,Cellulose- 20,-2,0.372118773,,,,,,,,
DN2-1,7/23/2021,2.284807505,Cellulose- 20,-2,0.506796489,,,,,,,,
DN2-1,7/30/2021,1.703497673,Cellulose- 20,-2,0.377855306,,,,,,,,
DN2-1,8/6/2021,1.324619078,Cellulose- 20,-2,0.293815692,,,,,,,,
DN2-2,6/2/2021,2.246385044,Cellulose- 20,-2,0.498273947,,,,,,,,
DN2-2,6/11/2021,1.295671476,Cellulose- 20,-2,0.287394782,,,,,,,,
DN2-2,6/18/2021,1.712584897,Cellulose- 20,-2,0.379870957,,,,,,,,
DN2-2,6/25/2021,3.076547907,Cellulose- 20,-2,0.682413584,,,,,,,,
DN2-2,7/2/2021,3.076547908,Cellulose- 20,-2,0.682413584,,,,,,,,
DN2-2,7/8/2021,2.095788106,Cellulose- 20,-2,0.46486982,,,,,,,,
DN2-2,7/17/2021,2.253159246,Cellulose- 20,-2,0.499776543,,,,,,,,
DN2-2,7/23/2021,1.540334227,Cellulose- 20,-2,0.341663784,,,,,,,,
DN2-2,7/30/2021,1.577053674,Cellulose- 20,-2,0.349808578,,,,,,,,
DN2-2,8/6/2021,1.702234668,Cellulose- 20,-2,0.377575157,,,,,,,,
DN2-3,6/2/2021,0.966144039,Cellulose- 20,-2,0.21430182,,,,,,,,
DN2-3,6/11/2021,1.510219588,Cellulose- 20,-2,0.334984012,,,,,,,,
DN2-3,6/18/2021,2.119464401,Cellulose- 20,-2,0.470121494,,,,,,,,
DN2-3,6/25/2021,3.042984821,Cellulose- 20,-2,0.674968907,,,,,,,,
DN2-3,7/2/2021,3.042984822,Cellulose- 20,-2,0.674968907,,,,,,,,
DN2-3,7/8/2021,1.122119922,Cellulose- 20,-2,0.248899059,,,,,,,,
DN2-3,7/17/2021,1.759490553,Cellulose- 20,-2,0.390275169,,,,,,,,
DN2-3,7/23/2021,3.383567237,Cellulose- 20,-2,0.75051399,,,,,,,,
DN2-3,7/30/2021,1.888365932,Cellulose- 20,-2,0.418861205,,,,,,,,
DN2-3,8/6/2021,1.515497112,Cellulose- 20,-2,0.336154627,,,,,,,,
DN2-4,6/2/2021,2.687261002,Cellulose- 20,-2,0.596065287,,,,,,,,
DN2-4,6/11/2021,2.002692251,Cellulose- 20,-2,0.444220093,,,,,,,,
DN2-4,6/18/2021,2.385992727,Cellulose- 20,-2,0.529240531,,,,,,,,
DN2-4,6/25/2021,2.573483345,Cellulose- 20,-2,0.570828099,,,,,,,,
DN2-4,7/2/2021,2.573483346,Cellulose- 20,-2,0.570828099,,,,,,,,
DN2-4,7/8/2021,1.388403294,Cellulose- 20,-2,0.307963762,,,,,,,,
DN2-4,7/17/2021,2.470704184,Cellulose- 20,-2,0.548030503,,,,,,,,
DN2-4,7/23/2021,2.242775154,Cellulose- 20,-2,0.497473232,,,,,,,,
DN2-4,7/30/2021,1.929670267,Cellulose- 20,-2,0.42802298,,,,,,,,
DN2-4,8/6/2021,1.668619343,Cellulose- 20,-2,0.370118893,,,,,,,,
DN6-1,6/2/2021,1.048429203,Cellulose- 20,-6,0.232553612,,,,,,,,
DN6-1,6/11/2021,1.269866986,Cellulose- 20,-6,0.281671051,,,,,,,,
DN6-1,6/18/2021,1.857744535,Cellulose- 20,-6,0.412069028,,,,,,,,
DN6-1,6/25/2021,2.077729609,Cellulose- 20,-6,0.460864239,,,,,,,,
DN6-1,7/2/2021,2.077729611,Cellulose- 20,-6,0.460864239,,,,,,,,
DN6-1,7/8/2021,0.530832078,Cellulose- 20,-6,0.117744638,,,,,,,,
DN6-1,7/17/2021,1.288190146,Cellulose- 20,-6,0.285735337,,,,,,,,
DN6-1,7/23/2021,1.093804072,Cellulose- 20,-6,0.242618278,,,,,,,,
DN6-1,7/30/2021,1.051883135,Cellulose- 20,-6,0.233319734,,,,,,,,
DN6-1,8/6/2021,0.582560953,Cellulose- 20,-6,0.129218696,,,,,,,,
DN6-1,8/13/2021,0.360746627,Cellulose- 20,-6,0.080017736,,,,,,,,
DN6-2,6/2/2021,1.303836752,Cellulose- 20,-6,0.289205934,,,,,,,,
DN6-2,6/11/2021,2.041006605,Cellulose- 20,-6,0.452718655,,,,,,,,
DN6-2,6/18/2021,1.887596799,Cellulose- 20,-6,0.418690602,,,,,,,,
DN6-2,6/25/2021,2.136355574,Cellulose- 20,-6,0.473868149,,,,,,,,
DN6-2,7/2/2021,2.136355572,Cellulose- 20,-6,0.473868149,,,,,,,,
DN6-2,7/8/2021,0.646329592,Cellulose- 20,-6,0.143363311,,,,,,,,
DN6-2,7/17/2021,0.959621951,Cellulose- 20,-6,0.212855146,,,,,,,,
DN6-2,7/23/2021,1.165724647,Cellulose- 20,-6,0.258571086,,,,,,,,
DN6-2,7/30/2021,0.941021692,Cellulose- 20,-6,0.208729396,,,,,,,,
DN6-2,8/6/2021,0.223236158,Cellulose- 20,-6,0.049516338,,,,,,,,
DN6-2,8/13/2021,0.303786634,Cellulose- 20,-6,0.067383357,,,,,,,,
DN6-3,6/2/2021,1.627640839,Cellulose- 20,-6,0.361029391,,,,,,,,
DN6-3,6/11/2021,1.695871452,Cellulose- 20,-6,0.376163723,,,,,,,,
DN6-3,6/18/2021,1.806702622,Cellulose- 20,-6,0.400747347,,,,,,,,
DN6-3,6/25/2021,1.593110677,Cellulose- 20,-6,0.353370206,,,,,,,,
DN6-3,7/2/2021,1.593110679,Cellulose- 20,-6,0.353370206,,,,,,,,
DN6-3,7/8/2021,0.622386215,Cellulose- 20,-6,0.138052395,,,,,,,,
DN6-3,7/17/2021,1.263235985,Cellulose- 20,-6,0.280200219,,,,,,,,
DN6-3,7/23/2021,1.753986773,Cellulose- 20,-6,0.389054367,,,,,,,,
DN6-3,7/30/2021,1.077436806,Cellulose- 20,-6,0.238987831,,,,,,,,
DN6-3,8/6/2021,0.60159224,Cellulose- 20,-6,0.133440053,,,,,,,,
DN6-3,8/13/2021,0.341759963,Cellulose- 20,-6,0.075806276,,,,,,,,
DN6-4,6/2/2021,4.923266771,Cellulose- 20,-6,1.092036992,,,,,,,,
DN6-4,6/11/2021,1.514704422,Cellulose- 20,-6,0.3359788,,,,,,,,
DN6-4,6/18/2021,1.084123634,Cellulose- 20,-6,0.240471046,,,,,,,,
DN6-4,6/25/2021,2.151685236,Cellulose- 20,-6,0.477268444,,,,,,,,
DN6-4,7/2/2021,2.151685235,Cellulose- 20,-6,0.477268444,,,,,,,,
DN6-4,7/8/2021,0.438042659,Cellulose- 20,-6,0.097162882,,,,,,,,
DN6-4,7/17/2021,1.184434968,Cellulose- 20,-6,0.26272125,,,,,,,,
DN6-4,7/23/2021,1.528172302,Cellulose- 20,-6,0.33896613,,,,,,,,
DN6-4,7/30/2021,0.914773171,Cellulose- 20,-6,0.202907173,,,,,,,,
DN6-4,8/6/2021,0.299052212,Cellulose- 20,-6,0.066333208,,,,,,,,
DN6-4,8/13/2021,0.24682664,Cellulose- 20,-6,0.054748977,,,,,,,,
E10-1,6/2/2021,73.8051311,Cellulose- 90,10,16.3708239,,,,,,,,
E10-1,6/11/2021,131.9997847,Cellulose- 90,10,29.27906501,,,,,,,,
E10-1,6/18/2021,90.27404789,Cellulose- 90,10,20.02381839,,,,,,,,
E10-1,6/25/2021,127.7254581,Cellulose- 90,10,25.54509161,,,,,,,,
E10-1,7/2/2021,92.29263491,Cellulose- 90,10,20.47156412,,,,,,,,
E10-1,7/8/2021,42.74605161,Cellulose- 90,10,9.481564128,,,,,,,,
E10-1,7/17/2021,18.79838856,Cellulose- 90,10,4.169698017,,,,,,,,
E10-1,7/23/2021,39.06481733,Cellulose- 90,10,8.665024176,,,,,,,,
E10-2,6/2/2021,52.11472567,Cellulose- 90,10,11.5596434,,,,,,,,
E10-2,6/11/2021,93.74607535,Cellulose- 90,10,20.79395387,,,,,,,,
E10-2,6/18/2021,94.26734474,Cellulose- 90,10,20.90957739,,,,,,,,
E10-2,6/25/2021,122.3005664,Cellulose- 90,10,24.46011327,,,,,,,,
E10-2,7/2/2021,88.86862411,Cellulose- 90,10,19.71207929,,,,,,,,
E10-2,7/8/2021,39.32204077,Cellulose- 90,10,8.722079283,,,,,,,,
E10-2,7/17/2021,15.43464238,Cellulose- 90,10,3.423580566,,,,,,,,
E10-2,7/23/2021,33.84523436,Cellulose- 90,10,7.507260857,,,,,,,,
E10-3,6/2/2021,45.64279217,Cellulose- 90,10,10.12409438,,,,,,,,
E10-3,6/11/2021,121.1596177,Cellulose- 90,10,26.87459172,,,,,,,,
E10-3,6/18/2021,81.72541397,Cellulose- 90,10,18.12763341,,,,,,,,
E10-3,6/25/2021,123.0033482,Cellulose- 90,10,24.60066963,,,,,,,,
E10-3,7/2/2021,89.31219654,Cellulose- 90,10,19.81046873,,,,,,,,7.605351134
E10-3,7/8/2021,39.76561321,Cellulose- 90,10,8.820468735,,,,,,,,
E10-3,7/17/2021,12.77448395,Cellulose- 90,10,2.833526939,,,,,,,,
E10-3,7/23/2021,28.20767952,Cellulose- 90,10,6.256786585,,,,,,,,
E10-4,6/2/2021,66.56339293,Cellulose- 90,10,14.76452339,,,,,,,,
E10-4,6/11/2021,492.3924825,Cellulose- 90,10,109.2182956,,,,,,,,
E10-4,6/18/2021,650.9990988,Cellulose- 90,10,144.3990607,,,,,,,,
E10-4,6/25/2021,119.623421,Cellulose- 90,10,23.92468419,,,,,,,,
E10-4,7/2/2021,87.17889922,Cellulose- 90,10,19.33727894,,,,,,,,
E10-4,7/8/2021,37.63231585,Cellulose- 90,10,8.347278933,,,,,,,,
E10-4,7/17/2021,13.33363645,Cellulose- 90,10,2.957553371,,,,,,,,
E10-4,7/23/2021,26.57264052,Cellulose- 90,10,5.894116197,,,,,,,,
E2-1,6/2/2021,24.65097906,Cellulose- 90,2,5.467869662,,,,,,,,
E2-1,6/11/2021,38.72222719,Cellulose- 90,2,8.589033758,,,,,,,,
E2-1,6/18/2021,51.58455306,Cellulose- 90,2,11.44204504,,,,,,,,
E2-1,6/25/2021,92.14217845,Cellulose- 90,2,18.42843569,,,,,,,,
E2-1,7/2/2021,76.3190309,Cellulose- 90,2,16.92843569,,,,,,,,
E2-1,7/8/2021,13.96532599,Cellulose- 90,2,3.09766935,,,,,,,,
E2-1,7/17/2021,4.17922247,Cellulose- 90,2,0.926999439,,,,,,,,
E2-1,7/23/2021,22.23940519,Cellulose- 90,2,4.932954941,,,,,,,,
E2-1,7/30/2021,6.691278858,Cellulose- 90,2,1.484202335,,,,,,,,
E2-2,6/2/2021,24.13163149,Cellulose- 90,2,5.352672419,,,,,,,,
E2-2,6/11/2021,41.03648156,Cellulose- 90,2,9.102361899,,,,,,,,
E2-2,6/18/2021,46.80110104,Cellulose- 90,2,10.38102056,,,,,,,,
E2-2,6/25/2021,87.9233301,Cellulose- 90,2,17.58466602,,,,,,,,
E2-2,7/2/2021,72.51503597,Cellulose- 90,2,16.08466602,,,,,,,,
E2-2,7/8/2021,15.75398596,Cellulose- 90,2,3.494414631,,,,,,,,
E2-2,7/17/2021,5.491826119,Cellulose- 90,2,1.218149971,,,,,,,,
E2-2,7/23/2021,24.79298761,Cellulose- 90,2,5.499368787,,,,,,,,
E2-2,7/30/2021,7.714493735,Cellulose- 90,2,1.711163121,,,,,,,,
E2-3,6/2/2021,27.821926,Cellulose- 90,2,6.171222032,,,,,,,,
E2-3,6/11/2021,24.31680319,Cellulose- 90,2,5.393745623,,,,,,,,
E2-3,6/18/2021,27.05136159,Cellulose- 90,2,6.000302017,,,,,,,,
E2-3,6/25/2021,88.3887733,Cellulose- 90,2,17.67775466,,,,,,,,
E2-3,7/2/2021,72.93471059,Cellulose- 90,2,16.17775466,,,,,,,,
E2-3,7/8/2021,18.93986985,Cellulose- 90,2,4.201080189,,,,,,,,
E2-3,7/17/2021,10.94096965,Cellulose- 90,2,2.426832455,,,,,,,,
E2-3,7/23/2021,21.38378352,Cellulose- 90,2,4.743168248,,,,,,,,
E2-3,7/30/2021,7.660157588,Cellulose- 90,2,1.69911074,,,,,,,,
E2-4,6/2/2021,28.29149437,Cellulose- 90,2,6.275377678,,,,,,,,
E2-4,6/11/2021,14.1676464,Cellulose- 90,2,3.142546337,,,,,,,,
E2-4,6/18/2021,30.23250863,Cellulose- 90,2,6.705916887,,,,,,,,
E2-4,6/25/2021,83.32639965,Cellulose- 90,2,16.66527993,,,,,,,,
E2-4,7/2/2021,68.37013702,Cellulose- 90,2,15.16527993,,,,,,,,
E2-4,7/8/2021,13.193128,Cellulose- 90,2,2.926386988,,,,,,,,
E2-4,7/17/2021,5.826622541,Cellulose- 90,2,1.292411654,,,,,,,,
E2-4,7/23/2021,17.49583043,Cellulose- 90,2,3.880775696,,,,,,,,
E2-4,7/30/2021,7.058458377,Cellulose- 90,2,1.56564696,,,,,,,,
E6-1,6/2/2021,55.50546082,Cellulose- 90,6,12.31174732,,,,,,,,
E6-1,6/11/2021,64.22372284,Cellulose- 90,6,14.24555775,,,,,,,,
E6-1,6/18/2021,75.45190102,Cellulose- 90,6,16.73609634,,,,,,,,
E6-1,6/25/2021,76.3712163,Cellulose- 90,6,15.27424326,,,,,,,,
E6-1,7/2/2021,54.19880322,Cellulose- 90,6,12.02191569,,,,,,,,
E6-1,7/8/2021,31.17537362,Cellulose- 90,6,6.915055148,,,,,,,,
E6-1,7/17/2021,10.12485071,Cellulose- 90,6,2.245807921,,,,,,,,
E6-1,7/23/2021,24.22142828,Cellulose- 90,6,5.372590376,,,,,,,,
E6-1,7/26/2021,8.942537531,Cellulose- 90,6,1.983557308,,,,,,,,
E6-2,6/2/2021,56.56790674,Cellulose- 90,6,12.54741,,,,,,,,
E6-2,6/11/2021,49.01823304,Cellulose- 90,6,10.87280585,,,,,,,,
E6-2,6/18/2021,75.922426,Cellulose- 90,6,16.84046418,,,,,,,,
E6-2,6/25/2021,77.7247837,Cellulose- 90,6,15.54495674,,,,,,,,
E6-2,7/2/2021,54.97990183,Cellulose- 90,6,12.19517231,,,,,,,,
E6-2,7/8/2021,32.05410956,Cellulose- 90,6,7.10996885,,,,,,,,
E6-2,7/17/2021,13.27841906,Cellulose- 90,6,2.945305522,,,,,,,,
E6-2,7/23/2021,23.48842641,Cellulose- 90,6,5.210002161,,,,,,,,
E6-2,7/26/2021,6.103781155,Cellulose- 90,6,1.353888611,,,,,,,,
E6-3,6/2/2021,52.37240325,Cellulose- 90,6,11.61679924,,,,,,,,
E6-3,6/11/2021,69.27434578,Cellulose- 90,6,15.3658438,,,,,,,,
E6-3,6/18/2021,75.26803056,Cellulose- 90,6,16.69531177,,,,,,,,
E6-3,6/25/2021,70.91262275,Cellulose- 90,6,14.18252455,,,,,,,,
E6-3,7/2/2021,64.03283084,Cellulose- 90,6,14.20321571,,,,,,,,
E6-3,7/8/2021,42.23865468,Cellulose- 90,6,9.369017675,,,,,,,,
E6-3,7/17/2021,11.39184982,Cellulose- 90,6,2.526842843,,,,,,,,
E6-3,7/23/2021,17.79959144,Cellulose- 90,6,3.94815337,,,,,,,,
E6-3,7/26/2021,6.908559122,Cellulose- 90,6,1.532397587,,,,,,,,
E6-4,6/2/2021,42.91529621,Cellulose- 90,6,9.51910452,,,,,,,,
E6-4,6/11/2021,49.22700469,Cellulose- 90,6,10.9191138,,,,,,,,
E6-4,6/18/2021,56.13504272,Cellulose- 90,6,12.4513958,,,,,,,,
E6-4,6/25/2021,79.6215221,Cellulose- 90,6,15.92430442,,,,,,,,
E6-4,7/2/2021,56.07444636,Cellulose- 90,6,12.43795483,,,,,,,,
E6-4,7/8/2021,33.28547215,Cellulose- 90,6,7.383099184,,,,,,,,
E6-4,7/17/2021,10.49272828,Cellulose- 90,6,2.327407381,,,,,,,,
E6-4,7/23/2021,22.53337355,Cellulose- 90,6,4.998160492,,,,,,,,
E6-4,7/26/2021,8.348340738,Cellulose- 90,6,1.85175765,,,,,,,,
EN2-1,6/2/2021,1.041053689,Cellulose- 90,-2,0.230917639,,,,,,,,
EN2-1,6/11/2021,3.094481022,Cellulose- 90,-2,0.686391354,,,,,,,,
EN2-1,6/18/2021,2.513338149,Cellulose- 90,-2,0.557487205,,,,,,,,
EN2-1,6/25/2021,2.610940849,Cellulose- 90,-2,0.579136602,,,,,,,,
EN2-1,7/2/2021,2.610940847,Cellulose- 90,-2,0.579136602,,,,,,,,
EN2-1,7/8/2021,1.393767238,Cellulose- 90,-2,0.309153546,,,,,,,,
EN2-1,7/17/2021,2.11379685,Cellulose- 90,-2,0.468864366,,,,,,,,
EN2-1,7/23/2021,2.334357518,Cellulose- 90,-2,0.51778725,,,,,,,,
EN2-1,7/30/2021,1.057319224,Cellulose- 90,-2,0.234525521,,,,,,,,
EN2-1,8/6/2021,1.911787193,Cellulose- 90,-2,0.424056309,,,,,,,,
EN2-2,6/2/2021,4.130694211,Cellulose- 90,-2,0.916235315,,,,,,,,
EN2-2,6/11/2021,4.236821056,Cellulose- 90,-2,0.939775465,,,,,,,,
EN2-2,6/18/2021,1.440636551,Cellulose- 90,-2,0.319549697,,,,,,,,
EN2-2,6/25/2021,1.760493484,Cellulose- 90,-2,0.39049763,,,,,,,,
EN2-2,7/2/2021,1.760493482,Cellulose- 90,-2,0.39049763,,,,,,,,
EN2-2,7/8/2021,1.389044786,Cellulose- 90,-2,0.308106052,,,,,,,,
EN2-2,7/17/2021,0.955484936,Cellulose- 90,-2,0.211937509,,,,,,,,
EN2-2,7/23/2021,0.699009822,Cellulose- 90,-2,0.155048389,,,,,,,,
EN2-2,7/30/2021,0.98265857,Cellulose- 90,-2,0.217964932,,,,,,,,
EN2-2,8/6/2021,0.716903503,Cellulose- 90,-2,0.159017413,,,,,,,,
EN2-3,6/2/2021,1.457974864,Cellulose- 90,-2,0.323395533,,,,,,,,
EN2-3,6/11/2021,2.975953526,Cellulose- 90,-2,0.660100597,,,,,,,,
EN2-3,6/18/2021,3.002080017,Cellulose- 90,-2,0.665895752,,,,,,,,
EN2-3,6/25/2021,3.089019172,Cellulose- 90,-2,0.685179853,,,,,,,,
EN2-3,7/2/2021,3.089019171,Cellulose- 90,-2,0.685179853,,,,,,,,
EN2-3,7/8/2021,1.310439054,Cellulose- 90,-2,0.2906704,,,,,,,,
EN2-3,7/17/2021,1.832247718,Cellulose- 90,-2,0.406413542,,,,,,,,
EN2-3,7/23/2021,2.692814872,Cellulose- 90,-2,0.597297199,,,,,,,,
EN2-3,7/30/2021,1.727218135,Cellulose- 90,-2,0.383116777,,,,,,,,
EN2-3,8/6/2021,1.363995438,Cellulose- 90,-2,0.30254982,,,,,,,,
EN2-4,6/2/2021,0.344342008,Cellulose- 90,-2,0.076379004,,,,,,,,
EN2-4,6/11/2021,1.617748989,Cellulose- 90,-2,0.358835266,,,,,,,,
EN2-4,6/18/2021,0.280609004,Cellulose- 90,-2,0.062242293,,,,,,,,
EN2-4,6/25/2021,1.190509592,Cellulose- 90,-2,0.264068671,,,,,,,,
EN2-4,7/2/2021,1.190509592,Cellulose- 90,-2,0.264068671,,,,,,,,
EN2-4,7/8/2021,0.08107756,Cellulose- 90,-2,0.017983932,,,,,,,,
EN2-4,7/17/2021,1.156964965,Cellulose- 90,-2,0.256628088,,,,,,,,
EN2-4,7/23/2021,0.39477272,Cellulose- 90,-2,0.087565114,,,,,,,,
EN2-4,7/30/2021,0.707990913,Cellulose- 90,-2,0.157040498,,,,,,,,
EN2-4,8/6/2021,0.128820541,Cellulose- 90,-2,0.028573872,,,,,,,,
EN6-1,6/2/2021,2.048286324,Cellulose- 90,-6,0.454333381,,,,,,,,
EN6-1,6/11/2021,1.180639987,Cellulose- 90,-6,0.261879479,,,,,,,,
EN6-1,6/18/2021,1.755927242,Cellulose- 90,-6,0.389484786,,,,,,,,
EN6-1,6/25/2021,2.345179825,Cellulose- 90,-6,0.520187761,,,,,,,,
EN6-1,7/2/2021,2.345179823,Cellulose- 90,-6,0.520187761,,,,,,,,
EN6-1,7/8/2021,0.576725739,Cellulose- 90,-6,0.127924378,,,,,,,,
EN6-1,7/17/2021,1.442681082,Cellulose- 90,-6,0.320003198,,,,,,,,
EN6-1,7/23/2021,1.207184069,Cellulose- 90,-6,0.267767261,,,,,,,,
EN6-1,7/30/2021,1.166149043,Cellulose- 90,-6,0.258665222,,,,,,,,
EN6-1,8/6/2021,0.147420104,Cellulose- 90,-6,0.032699469,,,,,,,,
EN6-1,8/13/2021,0.227839975,Cellulose- 90,-6,0.050537518,,,,,,,,
EN6-2,6/2/2021,2.277452072,Cellulose- 90,-6,0.50516497,,,,,,,,
EN6-2,6/11/2021,2.089751564,Cellulose- 90,-6,0.463530846,,,,,,,,
EN6-2,6/18/2021,1.462832335,Cellulose- 90,-6,0.324472976,,,,,,,,
EN6-2,6/25/2021,1.953552654,Cellulose- 90,-6,0.433320367,,,,,,,,
EN6-2,7/2/2021,1.953552655,Cellulose- 90,-6,0.433320367,,,,,,,,
EN6-2,7/8/2021,0.577434683,Cellulose- 90,-6,0.12808163,,,,,,,,
EN6-2,7/17/2021,0.972672316,Cellulose- 90,-6,0.215749867,,,,,,,,
EN6-2,7/23/2021,1.035942784,Cellulose- 90,-6,0.229783982,,,,,,,,
EN6-2,7/30/2021,0.94053771,Cellulose- 90,-6,0.208622043,,,,,,,,
EN6-2,8/6/2021,0.204282145,Cellulose- 90,-6,0.045312121,,,,,,,,
EN6-2,8/13/2021,0.284799969,Cellulose- 90,-6,0.063171897,,,,,,,,
EN6-3,6/2/2021,2.180307358,Cellulose- 90,-6,0.483617159,,,,,,,,
EN6-3,6/11/2021,1.752534979,Cellulose- 90,-6,0.388732343,,,,,,,,
EN6-3,6/18/2021,2.265249573,Cellulose- 90,-6,0.502458316,,,,,,,,
EN6-3,6/25/2021,2.159913312,Cellulose- 90,-6,0.479093526,,,,,,,,
EN6-3,7/2/2021,2.159913313,Cellulose- 90,-6,0.479093526,,,,,,,,
EN6-3,7/8/2021,0.543289483,Cellulose- 90,-6,0.120507834,,,,,,,,
EN6-3,7/17/2021,1.229849194,Cellulose- 90,-6,0.272794646,,,,,,,,
EN6-3,7/23/2021,1.810081559,Cellulose- 90,-6,0.401496834,,,,,,,,
EN6-3,7/30/2021,1.163152258,Cellulose- 90,-6,0.258000501,,,,,,,,
EN6-3,8/6/2021,0.166374118,Cellulose- 90,-6,0.036903686,,,,,,,,
EN6-3,8/13/2021,0.24682664,Cellulose- 90,-6,0.054748977,,,,,,,,
EN6-4,6/2/2021,1.028497084,Cellulose- 90,-6,0.22813244,,,,,,,,
EN6-4,6/11/2021,1.566970949,Cellulose- 90,-6,0.347572114,,,,,,,,
EN6-4,6/18/2021,1.381791799,Cellulose- 90,-6,0.306497257,,,,,,,,
EN6-4,6/25/2021,2.29492316,Cellulose- 90,-6,0.509040257,,,,,,,,
EN6-4,7/2/2021,2.294923159,Cellulose- 90,-6,0.509040257,,,,,,,,
EN6-4,7/8/2021,0.323313743,Cellulose- 90,-6,0.071714693,,,,,,,,
EN6-4,7/17/2021,0.973178652,Cellulose- 90,-6,0.215862178,,,,,,,,
EN6-4,7/23/2021,1.091741352,Cellulose- 90,-6,0.242160744,,,,,,,,
EN6-4,7/30/2021,1.015704961,Cellulose- 90,-6,0.225295001,,,,,,,,
EN6-4,8/6/2021,0.109512078,Cellulose- 90,-6,0.024291034,,,,,,,,
EN6-4,8/13/2021,0.189866646,Cellulose- 90,-6,0.042114598,,,,,,,,
F10-1,6/2/2021,67.56249386,None,10,14.98613542,,,,,,,,
F10-1,6/11/2021,113.6785,None,10,25.21519408,,,,,,,,
F10-1,6/18/2021,89.28345694,None,10,19.80409396,,,,,,,,
F10-1,6/25/2021,129.6495003,None,10,25.92990005,,,,,,,,
F10-1,7/2/2021,84.67069289,None,10,18.78093003,,,,,,,,
F10-1,7/8/2021,31.33710955,None,10,6.950930029,,,,,,,,
F10-1,7/17/2021,7.284174291,None,10,1.615713336,,,,,,,,
F10-1,7/23/2021,26.15536446,None,10,5.801559585,,,,,,,,
F10-2,6/2/2021,61.25237132,None,10,13.58647793,,,,,,,,
F10-2,6/11/2021,120.0509245,None,10,26.62867088,,,,,,,,
F10-2,6/18/2021,91.03928111,None,10,20.19355588,,,,,,,,
F10-2,6/25/2021,137.3399405,None,10,27.46798809,,,,,,,,
F10-2,7/2/2021,89.52464241,None,10,19.85759166,,,,,,,,
F10-2,7/8/2021,36.19105908,None,10,8.027591663,,,,,,,,
F10-2,7/17/2021,12.61046406,None,10,2.797145448,,,,,,,,
F10-2,7/23/2021,24.30133656,None,10,5.390314949,,,,,,,,
F10-3,6/2/2021,63.24612288,None,10,14.02871487,,,,,,,,
F10-3,6/11/2021,103.6561868,None,10,22.99213016,,,,,,,,
F10-3,6/18/2021,74.65719684,None,10,16.55982185,,,,,,,,
F10-3,6/25/2021,117.6129047,None,10,23.52258093,,,,,,,,
F10-3,7/2/2021,77.07359499,None,10,17.09580665,,,,,,,,
F10-3,7/8/2021,23.74001165,None,10,5.265806651,,,,,,,,
F10-3,7/17/2021,5.154845155,None,10,1.143403731,,,,,,,,
F10-3,7/23/2021,27.50870149,None,10,6.101745247,,,,,,,,
F10-4,6/2/2021,55.15690053,None,10,12.23443265,,,,,,,,
F10-4,6/11/2021,121.8531398,None,10,27.02842287,,,,,,,,
F10-4,6/18/2021,78.97937101,None,10,17.51852961,,,,,,,,
F10-4,6/25/2021,135.4684887,None,10,27.09369773,,,,,,,,
F10-4,7/2/2021,88.34344442,None,10,19.59558841,,,,,,,,
F10-4,7/8/2021,35.00986109,None,10,7.765588412,,,,,,,,
F10-4,7/17/2021,17.54546277,None,10,3.891784718,,,,,,,,
F10-4,7/23/2021,24.53519687,None,10,5.442187846,,,,,,,,
F2-1,6/2/2021,18.76850752,None,2,4.16307006,,,,,,,,
F2-1,6/11/2021,42.96534903,None,2,9.530206808,,,,,,,,
F2-1,6/18/2021,27.1477719,None,2,6.021686927,,,,,,,,
F2-1,6/25/2021,61.5100342,None,2,12.30200684,,,,,,,,
F2-1,7/2/2021,50.50238084,None,2,11.20200684,,,,,,,,
F2-1,7/8/2021,11.70226889,None,2,2.59569735,,,,,,,,
F2-1,7/17/2021,2.099306519,None,2,0.465650244,,,,,,,,
F2-1,7/23/2021,20.9393676,None,2,4.644591704,,,,,,,,
F2-1,7/30/2021,5.373306531,None,2,1.191860968,,,,,,,,
F2-2,6/2/2021,19.26459142,None,2,4.273107154,,,,,,,,
F2-2,6/11/2021,43.44188114,None,2,9.635907092,,,,,,,,
F2-2,6/18/2021,39.31563739,None,2,8.720658939,,,,,,,,
F2-2,6/25/2021,59.435039,None,2,11.8870078,,,,,,,,
F2-2,7/2/2021,48.63142683,None,2,10.7870078,,,,,,,,
F2-2,7/8/2021,11.82519677,None,2,2.622964163,,,,,,,,
F2-2,7/17/2021,4.038652222,None,2,0.895819347,,,,,,,,
F2-2,7/23/2021,20.9626724,None,2,4.649760977,,,,,,,,
F2-2,7/30/2021,4.972789116,None,2,1.103021615,,,,,,,,
F2-3,6/2/2021,25.03024016,None,2,5.55199412,,,,,,,,
F2-3,6/11/2021,33.63279587,None,2,7.460139565,,,,,,,,
F2-3,6/18/2021,23.71194853,None,2,5.259581928,,,,,,,,
F2-3,6/25/2021,64.0963121,None,2,12.81926242,,,,,,,,
F2-3,7/2/2021,52.83434141,None,2,11.71926242,,,,,,,,
F2-3,7/8/2021,13.42948684,None,2,2.978814086,,,,,,,,
F2-3,7/17/2021,0.440204746,None,2,0.097642458,,,,,,,,
F2-3,7/23/2021,21.16090653,None,2,4.693731578,,,,,,,,
F2-3,7/30/2021,4.529141506,None,2,1.004615491,,,,,,,,
F2-4,6/2/2021,15.98098496,None,2,3.544765609,,,,,,,,
F2-4,6/11/2021,31.68247336,None,2,7.02753568,,,,,,,,
F2-4,6/18/2021,25.49730098,None,2,5.655593564,,,,,,,,
F2-4,6/25/2021,72.12797665,None,2,14.42559533,,,,,,,,
F2-4,7/2/2021,60.07622561,None,2,13.32559533,,,,,,,,
F2-4,7/8/2021,11.03360411,None,2,2.447379839,,,,,,,,
F2-4,7/17/2021,0.436226137,None,2,0.096759956,,,,,,,,
F2-4,7/23/2021,11.15615377,None,2,2.474562759,,,,,,,,
F2-4,7/30/2021,4.675538824,None,2,1.037088094,,,,,,,,
F6-1,6/2/2021,57.29399261,None,6,12.70846416,,,,,,,,
F6-1,6/11/2021,85.87922162,None,6,19.04899555,,,,,,,,
F6-1,6/18/2021,71.75434602,None,6,15.91593627,,,,,,,,
F6-1,6/25/2021,75.8432567,None,6,15.16865134,,,,,,,,
F6-1,7/2/2021,46.10373532,None,6,10.22633686,,,,,,,,
F6-1,7/8/2021,17.10204224,None,6,3.793428962,,,,,,,,
F6-1,7/17/2021,4.277777778,None,6,0.948860136,,,,,,,,
F6-1,7/23/2021,28.77107568,None,6,6.381754309,,,,,,,,
F6-1,7/26/2021,7.229723433,None,6,1.603635512,,,,,,,,
F6-2,6/2/2021,57.12237847,None,6,12.67039818,,,,,,,,
F6-2,6/11/2021,67.94742351,None,6,15.07151723,,,,,,,,
F6-2,6/18/2021,67.28921857,None,6,14.92551983,,,,,,,,
F6-2,6/25/2021,64.80711075,None,6,12.96142215,,,,,,,,
F6-2,7/2/2021,39.73514336,None,6,8.813710173,,,,,,,,
F6-2,7/8/2021,9.937376279,None,6,2.204223944,,,,,,,,
F6-2,7/17/2021,8.028718231,None,6,1.780861715,,,,,,,,
F6-2,7/23/2021,20.13402788,None,6,4.465958125,,,,,,,,
F6-2,7/26/2021,4.067021874,None,6,0.902112061,,,,,,,,
F6-3,6/2/2021,50.89788811,None,6,11.28973489,,,,,,,,
F6-3,6/11/2021,41.65911218,None,6,9.240468506,,,,,,,,
F6-3,6/18/2021,83.08697443,None,6,18.42964313,,,,,,,,
F6-3,6/25/2021,59.18868315,None,6,11.83773663,,,,,,,,
F6-3,7/2/2021,36.49293609,None,6,8.094551443,,,,,,,,
F6-3,7/8/2021,6.289893101,None,6,1.395170374,,,,,,,,
F6-3,7/17/2021,7.882603463,None,6,1.748451785,,,,,,,,
F6-3,7/23/2021,22.89332449,None,6,5.078001735,,,,,,,,
F6-3,7/26/2021,6.739760163,None,6,1.494956044,,,,,,,,
F6-4,6/2/2021,55.30989653,None,6,12.26836892,,,,,,,,
F6-4,6/11/2021,65.70549458,None,6,14.5742317,,,,,,,,
F6-4,6/18/2021,71.74216806,None,6,15.91323506,,,,,,,,
F6-4,6/25/2021,71.33384955,None,6,14.26676991,,,,,,,,
F6-4,7/2/2021,43.50150679,None,6,9.649132745,,,,,,,,
F6-4,7/8/2021,14.17453514,None,6,3.144074338,,,,,,,,
F6-4,7/17/2021,1.743778802,None,6,0.386790122,,,,,,,,
F6-4,7/23/2021,22.7532127,None,6,5.046923334,,,,,,,,
F6-4,7/26/2021,7.050760251,None,6,1.563939427,,,,,,,,
FN2-1,6/2/2021,3.436430923,None,-2,0.762239761,,,,,,,,
FN2-1,6/11/2021,2.576141521,None,-2,0.571417713,,,,,,,,
FN2-1,6/18/2021,1.631124679,None,-2,0.361802147,,,,,,,,
FN2-1,6/25/2021,2.315952619,None,-2,0.513704832,,,,,,,,
FN2-1,7/2/2021,2.315952618,None,-2,0.513704832,,,,,,,,
FN2-1,7/8/2021,1.07667553,None,-2,0.238818972,,,,,,,,
FN2-1,7/17/2021,0.826882356,None,-2,0.183411983,,,,,,,,
FN2-1,7/23/2021,1.710769385,None,-2,0.379468256,,,,,,,,
FN2-1,7/30/2021,0.930838807,None,-2,0.206470715,,,,,,,,
FN2-1,8/6/2021,0.584367344,None,-2,0.129619374,,,,,,,,
FN2-2,6/2/2021,2.061624849,None,-2,0.457292018,,,,,,,,
FN2-2,6/11/2021,2.704032187,None,-2,0.599785328,,,,,,,,
FN2-2,6/18/2021,0.98404071,None,-2,0.218271507,,,,,,,,
FN2-2,6/25/2021,2.187384388,None,-2,0.485186925,,,,,,,,
FN2-2,7/2/2021,2.187384387,None,-2,0.485186925,,,,,,,,
FN2-2,7/8/2021,1.191346033,None,-2,0.264254203,,,,,,,,
FN2-2,7/17/2021,1.37615267,None,-2,0.305246433,,,,,,,,
FN2-2,7/23/2021,1.858074281,None,-2,0.41214217,,,,,,,,
FN2-2,7/30/2021,0.745784786,None,-2,0.165423613,,,,,,,,
FN2-2,8/6/2021,0.925171058,None,-2,0.205213543,,,,,,,,
FN2-3,6/2/2021,3.682330053,None,-2,0.816783006,,,,,,,,
FN2-3,6/11/2021,1.603272093,None,-2,0.355624124,,,,,,,,
FN2-3,6/18/2021,0.766859514,None,-2,0.170098229,,,,,,,,
FN2-3,6/25/2021,2.007044574,None,-2,0.445185488,,,,,,,,
FN2-3,7/2/2021,2.007044575,None,-2,0.445185488,,,,,,,,
FN2-3,7/8/2021,0.011609345,None,-2,0.002575086,,,,,,,,
FN2-3,7/17/2021,0.652976704,None,-2,0.144837716,,,,,,,,
FN2-3,7/23/2021,1.441498773,None,-2,0.319740948,,,,,,,,
FN2-3,7/30/2021,0.546640526,None,-2,0.121251133,,,,,,,,
FN2-3,8/6/2021,0.280098198,None,-2,0.06212899,,,,,,,,
FN2-4,6/2/2021,7.19284187,None,-2,1.595454759,,,,,,,,
FN2-4,6/11/2021,2.394685361,None,-2,0.531168657,,,,,,,,
FN2-4,6/18/2021,2.110053365,None,-2,0.468034018,,,,,,,,
FN2-4,6/25/2021,2.335087432,None,-2,0.517949153,,,,,,,,
FN2-4,7/2/2021,2.335087431,None,-2,0.517949153,,,,,,,,
FN2-4,7/8/2021,0.01158608,None,-2,0.002569925,,,,,,,,
FN2-4,7/17/2021,1.412358414,None,-2,0.313277282,,,,,,,,
FN2-4,7/23/2021,1.992469625,None,-2,0.441952597,,,,,,,,
FN2-4,7/30/2021,0.657659794,None,-2,0.145876479,,,,,,,,
FN2-4,8/6/2021,1.057030972,None,-2,0.234461583,,,,,,,,
FN6-1,6/2/2021,1.230633044,None,-6,0.272968512,,,,,,,,
FN6-1,6/11/2021,1.894966289,None,-6,0.42032524,,,,,,,,
FN6-1,6/18/2021,1.432247099,None,-6,0.317688821,,,,,,,,
FN6-1,6/25/2021,1.893917616,None,-6,0.420092632,,,,,,,,
FN6-1,7/2/2021,1.893917616,None,-6,0.420092632,,,,,,,,
FN6-1,7/8/2021,0.380522191,None,-6,0.084404183,,,,,,,,
FN6-1,7/17/2021,1.125213728,None,-6,0.2495853,,,,,,,,
FN6-1,7/23/2021,0.994459133,None,-6,0.220582432,,,,,,,,
FN6-1,7/30/2021,0.982254169,None,-6,0.217875232,,,,,,,,
FN6-1,8/6/2021,0.966374118,None,-6,0.214352854,,,,,,,,
FN6-1,8/13/2021,0.24682664,None,-6,0.054748977,,,,,,,,
FN6-2,6/2/2021,1.725534763,None,-6,0.382743386,,,,,,,,
FN6-2,6/11/2021,2.169618328,None,-6,0.48124621,,,,,,,,
FN6-2,6/18/2021,0.813669249,None,-6,0.180481164,,,,,,,,
FN6-2,6/25/2021,1.751892225,None,-6,0.388589773,,,,,,,,
FN6-2,7/2/2021,1.751892227,None,-6,0.388589773,,,,,,,,
FN6-2,7/8/2021,0.42749873,None,-6,0.094824118,,,,,,,,
FN6-2,7/17/2021,1.019194571,None,-6,0.226069036,,,,,,,,
FN6-2,7/23/2021,1.053589054,None,-6,0.233698127,,,,,,,,
FN6-2,7/30/2021,1.013271302,None,-6,0.224755187,,,,,,,,
FN6-2,8/6/2021,0.985328131,None,-6,0.218557072,,,,,,,,
FN6-2,8/13/2021,0.265813304,None,-6,0.058960437,,,,,,,,
FN6-3,6/2/2021,1.57858955,None,-6,0.350149253,,,,,,,,
FN6-3,6/11/2021,1.805276159,None,-6,0.400430941,,,,,,,,
FN6-3,6/18/2021,1.031373744,None,-6,0.228770516,,,,,,,,
FN6-3,6/25/2021,1.916345565,None,-6,0.425067408,,,,,,,,
FN6-3,7/2/2021,1.916345564,None,-6,0.425067408,,,,,,,,
FN6-3,7/8/2021,0.011523903,None,-6,0.002556134,,,,,,,,
FN6-3,7/17/2021,1.087598279,None,-6,0.241241762,,,,,,,,
FN6-3,7/23/2021,0.990706325,None,-6,0.219750017,,,,,,,,
FN6-3,7/30/2021,1.914616532,None,-6,0.424683889,,,,,,,,
FN6-3,8/6/2021,0.934839435,None,-6,0.2073581,,,,,,,,
FN6-3,8/13/2021,0.474666615,None,-6,0.105286495,,,,,,,,
FN6-4,6/2/2021,1.526213168,None,-6,0.338531572,,,,,,,,
FN6-4,6/11/2021,1.658702013,None,-6,0.367919116,,,,,,,,
FN6-4,6/18/2021,0.27884046,None,-6,0.06185001,,,,,,,,
FN6-4,6/25/2021,1.739427881,None,-6,0.385825038,,,,,,,,
FN6-4,7/2/2021,1.73942788,None,-6,0.385825038,,,,,,,,
FN6-4,7/8/2021,0.3458762,None,-6,0.076719305,,,,,,,,
FN6-4,7/17/2021,1.101962923,None,-6,0.244428005,,,,,,,,
FN6-4,7/23/2021,1.206355386,None,-6,0.26758345,,,,,,,,
FN6-4,7/30/2021,0.964534495,None,-6,0.213944805,,,,,,,,
FN6-4,8/6/2021,1.247420104,None,-6,0.276692075,,,,,,,,
FN6-4,8/13/2021,0.094933323,None,-6,0.021057299,,,,,,,,
P1,5/27/2021,30.57893085,,4,6.782757305,,,,,,,,
P1,5/31/2021,22.49247343,,4,4.989088376,,,,,,,,
P2,5/27/2021,31.09846108,,4,6.897995063,,,,,,,,
P2,5/31/2021,26.01707798,,4,5.770886059,,,,,,,,
P3,5/27/2021,31.63422599,,4,7.01683386,,,,,,,,
P3,5/31/2021,16.60497771,,4,3.683174355,,,,,,,,
P4,5/27/2021,32.85108094,,4,7.286746234,,,,,,,,
P4,5/31/2021,27.291743,,4,6.053621368,,,,,,,,
P5,5/27/2021,29.10845532,,4,6.456588981,,,,,,,,
P5,5/31/2021,31.06285425,,4,6.890097062,,,,,,,,
P6,5/27/2021,32.21250199,,4,7.145102105,,,,,,,,
P6,5/31/2021,32.08386222,,4,7.11656833,,,,,,,,
